# This file uses centimeters as units for non-parametric coordinates.

mtllib SM_glasses_01.mtl
g default
v 4.243493 131.481018 28.894238
v 4.243493 131.481018 27.897001
v 4.243493 132.735657 28.894238
v 4.243493 132.735657 27.897001
v -4.243491 132.735657 28.894238
v -4.243491 132.735657 27.897001
v -4.243491 131.481018 28.894238
v -4.243491 131.481018 27.897001
v -4.243491 132.108337 27.711464
v 4.243493 132.108337 27.711468
v 4.243493 132.108337 29.079771
v -4.243491 132.108337 29.079771
v 4.243493 132.969086 28.395618
v -4.243491 132.969086 28.395615
v -4.243491 131.247604 28.395615
v 4.243493 131.247604 28.395618
v 4.243493 132.910721 28.668119
v 0.000000 132.969086 28.395620
v -4.243491 132.910721 28.668118
v 0.000000 132.735641 28.894236
v 4.243493 132.910721 28.123119
v 0.000000 132.735657 27.897001
v -4.243491 132.910721 28.123117
v -4.243491 131.305954 28.668118
v 0.000000 131.247604 28.395620
v 4.243493 131.305954 28.668119
v 0.000000 131.481018 28.894238
v -4.243491 131.305954 28.123117
v 0.000000 131.481018 27.897001
v 4.243493 131.305954 28.123119
v 4.243493 131.765503 27.757851
v -4.243491 131.765503 27.757849
v 0.000000 132.108337 27.711466
v -4.243491 132.451172 27.757849
v 4.243493 132.451172 27.757851
v -4.243491 131.765503 29.033386
v 4.243493 131.765503 29.033388
v 0.000000 132.108337 29.079771
v 4.243493 132.451172 29.033388
v -4.243491 132.451172 29.033386
v 0.000000 132.910721 28.668118
v 0.000000 132.910721 28.123117
v 0.000000 131.305969 28.668118
v 0.000000 131.305969 28.123117
v 0.000000 131.765503 27.757849
v 0.000000 132.451172 27.757849
v 0.000000 131.765503 29.033386
v 0.000000 132.451172 29.033388
v -12.249749 138.928650 28.868370
v -9.390076 138.466263 28.868370
v -9.427299 138.383514 28.561140
v -7.085267 137.014404 28.561138
v -7.017155 137.079102 28.868372
v -12.249748 138.839859 28.230104
v -9.427299 138.383514 28.230104
v -12.249748 138.928650 27.922871
v -9.390075 138.466248 27.922871
v -7.017155 137.079086 27.922871
v -7.085268 137.014404 28.230104
v -15.072201 138.383499 28.230104
v -15.109425 138.466263 27.922871
v -5.556896 134.824921 28.868370
v -5.644016 134.789551 28.561136
v -5.163599 132.108337 28.561138
v -5.070143 132.108353 28.868370
v -5.556896 129.391785 28.868370
v -5.644016 129.427155 28.561140
v -7.085267 127.202324 28.561138
v -7.017155 127.137627 28.868372
v -5.163599 132.108353 28.230104
v -5.644016 129.427155 28.230104
v -5.070143 132.108337 27.922871
v -5.556896 129.391800 27.922871
v -7.017155 127.137619 27.922871
v -7.085267 127.202324 28.230104
v -5.644016 134.789551 28.230104
v -5.556896 134.824921 27.922871
v -9.390076 125.750435 28.868370
v -9.427299 125.833191 28.561136
v -12.249748 125.376816 28.561138
v -12.249748 125.288040 28.868370
v -15.109425 125.750435 28.868370
v -15.072201 125.833199 28.561136
v -12.249750 125.376808 28.230104
v -15.072201 125.833191 28.230104
v -12.249748 125.288040 27.922869
v -15.109425 125.750435 27.922869
v -9.427300 125.833183 28.230104
v -9.390076 125.750435 27.922871
v -20.031610 128.949783 28.925146
v -18.333750 126.328842 28.925148
v -20.597561 132.108353 28.925148
v -20.691017 132.108353 28.583849
v -20.118727 128.914413 28.583849
v -18.401861 126.264122 28.583849
v -20.118727 128.914413 28.207392
v -18.401861 126.264114 28.207392
v -20.691017 132.108337 28.207392
v -20.597561 132.108353 27.866091
v -20.031607 128.949783 27.866091
v -18.333748 126.328827 27.866091
v -20.118727 135.302277 28.207392
v -18.401861 137.952545 28.207392
v -18.333748 137.887863 27.866091
v -20.031609 135.266922 27.866091
v -20.031609 135.266937 28.925146
v -18.333750 137.887848 28.925146
v -18.401861 137.952560 28.583849
v -20.118729 135.302277 28.583847
v -15.574726 139.500748 28.925146
v -12.249748 140.038376 28.925148
v -12.249748 140.127151 28.583849
v -15.611951 139.583496 28.583847
v -15.611951 139.583496 28.207392
v -12.249748 140.127151 28.207394
v -12.249749 140.038376 27.866091
v -15.574726 139.500748 27.866091
v -8.887549 139.583511 28.207394
v -6.097638 137.952545 28.207394
v -6.165750 137.887878 27.866091
v -8.924774 139.500748 27.866091
v -8.924772 139.500748 28.925146
v -6.165750 137.887848 28.925146
v -6.097638 137.952560 28.583849
v -8.887548 139.583496 28.583849
v -4.467890 135.266922 28.925144
v -3.901937 132.108353 28.925146
v -3.808481 132.108337 28.583849
v -4.380770 135.302277 28.583847
v -4.380770 135.302277 28.207394
v -3.808481 132.108353 28.207394
v -3.901937 132.108353 27.866091
v -4.467890 135.266922 27.866091
v -4.380770 128.914429 28.207392
v -6.097638 126.264122 28.207394
v -6.165751 126.328842 27.866091
v -4.467890 128.949783 27.866091
v -4.467890 128.949783 28.925146
v -6.165750 126.328827 28.925146
v -6.097638 126.264114 28.583849
v -4.380770 128.914413 28.583849
v -8.924772 124.715935 28.925146
v -12.249748 124.178329 28.925148
v -12.249748 124.089531 28.583849
v -8.887549 124.633179 28.583847
v -8.887548 124.633186 28.207394
v -12.249748 124.089531 28.207392
v -12.249748 124.178329 27.866091
v -8.924772 124.715958 27.866091
v -15.611952 124.633179 28.207392
v -15.574726 124.715950 27.866091
v -15.574726 124.715950 28.925146
v -15.611952 124.633179 28.583849
v -19.857368 129.020508 27.630262
v -18.197521 126.458244 27.630262
v -20.410648 132.108353 27.630262
v -19.356424 129.223831 27.552088
v -17.805880 126.830284 27.552088
v -19.873272 132.108353 27.552086
v -19.616270 132.108353 27.687037
v -19.116842 129.321075 27.687038
v -17.618570 127.008224 27.687037
v -19.356426 134.992889 27.552088
v -17.805880 137.386414 27.552088
v -17.618570 137.208481 27.687037
v -19.116842 134.895645 27.687038
v -19.857368 135.196213 27.630262
v -18.197521 137.758469 27.630262
v -19.857368 135.196213 29.160978
v -18.197525 137.758453 29.160976
v -20.410648 132.108353 29.160980
v -20.153641 132.108337 29.261862
v -19.617786 135.098953 29.261862
v -18.010214 137.580521 29.261862
v -19.356424 134.992874 29.239149
v -17.805880 137.386398 29.239147
v -19.873272 132.108337 29.239147
v -19.616270 132.108353 29.104198
v -19.116842 134.895630 29.104198
v -17.618570 137.208466 29.104200
v -19.356426 129.223816 29.239149
v -17.805880 126.830284 29.239147
v -17.618570 127.008209 29.104200
v -19.116842 129.321075 29.104198
v -19.857368 129.020508 29.160978
v -18.197521 126.458267 29.160980
v -18.010214 126.636169 29.261862
v -19.617786 129.117752 29.261862
v -15.500277 139.335236 27.630264
v -12.249748 139.860825 27.630264
v -15.286240 138.859360 27.552088
v -12.249748 139.350342 27.552088
v -12.249748 139.106201 27.687038
v -15.183873 138.631775 27.687038
v -9.213260 138.859360 27.552088
v -6.693621 137.386414 27.552088
v -6.880929 137.208496 27.687037
v -9.315626 138.631790 27.687038
v -8.999221 139.335236 27.630264
v -6.301975 137.758469 27.630264
v -8.999220 139.335236 29.160978
v -6.301975 137.758469 29.160976
v -12.249748 139.860825 29.160978
v -12.249748 139.616669 29.261862
v -9.101588 139.107635 29.261862
v -6.489284 137.580521 29.261858
v -9.213261 138.859344 29.239147
v -6.693621 137.386414 29.239147
v -12.249748 139.350342 29.239147
v -12.249748 139.106201 29.104198
v -9.315626 138.631760 29.104198
v -6.880930 137.208496 29.104200
v -15.286241 138.859360 29.239149
v -15.183872 138.631775 29.104198
v -15.500278 139.335236 29.160978
v -15.397911 139.107635 29.261862
v -4.642130 135.196213 27.630264
v -4.088850 132.108353 27.630264
v -5.143074 134.992889 27.552088
v -4.626225 132.108337 27.552088
v -4.883229 132.108353 27.687038
v -5.382655 134.895645 27.687038
v -5.143073 129.223816 27.552088
v -6.693621 126.830284 27.552088
v -6.880929 127.008209 27.687037
v -5.382655 129.321075 27.687038
v -4.642131 129.020508 27.630264
v -6.301974 126.458252 27.630262
v -4.642130 129.020508 29.160976
v -6.301974 126.458244 29.160975
v -4.088850 132.108353 29.160975
v -4.345855 132.108368 29.261858
v -4.881711 129.117752 29.261858
v -6.489284 126.636169 29.261858
v -5.143074 129.223831 29.239147
v -6.693621 126.830284 29.239147
v -4.626225 132.108353 29.239145
v -4.883229 132.108337 29.104198
v -5.382655 129.321075 29.104198
v -6.880929 127.008224 29.104200
v -5.143073 134.992874 29.239147
v -5.382655 134.895630 29.104198
v -4.642131 135.196213 29.160976
v -4.881712 135.098969 29.261858
v -8.999222 124.881485 27.630264
v -12.249748 124.355888 27.630264
v -9.213261 125.357330 27.552088
v -12.249748 124.866341 27.552088
v -12.249748 125.110489 27.687038
v -9.315626 125.584923 27.687038
v -15.286241 125.357346 27.552088
v -15.183872 125.584923 27.687038
v -15.500278 124.881470 27.630264
v -15.500277 124.881477 29.160978
v -12.249748 124.355888 29.160978
v -12.249748 124.600014 29.261862
v -15.397911 125.109055 29.261862
v -15.286240 125.357330 29.239149
v -12.249748 124.866341 29.239147
v -12.249748 125.110489 29.104198
v -15.183873 125.584923 29.104198
v -9.213260 125.357346 29.239147
v -9.315626 125.584923 29.104198
v -8.999221 124.881454 29.160976
v -9.101587 125.109055 29.261862
v 1.843272 132.910721 28.668123
v 1.843272 132.735657 28.894239
v 1.843272 132.969086 28.395622
v -1.843271 132.969086 28.395620
v -1.843271 132.910721 28.668123
v -1.843271 132.735657 28.894239
v 1.843272 132.910721 28.123121
v 1.843272 132.735657 27.897001
v -1.843271 132.735657 27.897001
v -1.843271 132.910721 28.123121
v -1.843271 131.305954 28.668123
v -1.843271 131.481018 28.894239
v -1.843271 131.247604 28.395620
v 1.843272 131.247604 28.395622
v 1.843272 131.305954 28.668123
v 1.843272 131.481018 28.894239
v -1.843271 131.305954 28.123121
v -1.843271 131.481018 27.897001
v 1.843272 131.481018 27.897001
v 1.843272 131.305954 28.123121
v 1.843272 131.765503 27.757851
v 1.843272 132.108337 27.711466
v -1.843271 131.765503 27.757851
v -1.843271 132.108337 27.711464
v 1.843272 132.451172 27.757851
v -1.843271 132.451172 27.757851
v -1.843271 131.765503 29.033388
v -1.843271 132.108337 29.079771
v 1.843272 131.765503 29.033388
v 1.843272 132.108337 29.079771
v -1.843271 132.451172 29.033388
v 1.843272 132.451172 29.033388
v 18.942604 129.391785 28.868370
v 17.482346 127.137619 28.868370
v 19.429359 132.108337 28.868370
v 19.335899 132.108353 28.561138
v 18.855484 129.427155 28.561138
v 17.414234 127.202332 28.561138
v 18.942604 134.824921 28.868370
v 17.482346 137.079071 28.868370
v 17.414234 137.014389 28.561138
v 18.855484 134.789551 28.561138
v 18.855484 134.789566 28.230104
v 19.335901 132.108353 28.230104
v 17.414232 137.014374 28.230104
v 17.482347 137.079071 27.922871
v 18.942604 134.824921 27.922871
v 19.429361 132.108353 27.922871
v 18.855484 129.427139 28.230104
v 17.414232 127.202332 28.230104
v 18.942604 129.391785 27.922871
v 17.482347 127.137627 27.922871
v 15.109425 138.466263 28.868370
v 12.249748 138.928650 28.868370
v 12.249750 138.839874 28.561138
v 15.072201 138.383514 28.561138
v 9.390077 138.466248 28.868370
v 7.017154 137.079086 28.868370
v 7.085267 137.014389 28.561138
v 9.427300 138.383499 28.561138
v 9.427300 138.383499 28.230104
v 12.249750 138.839859 28.230104
v 7.085267 137.014389 28.230104
v 7.017154 137.079102 27.922871
v 9.390076 138.466263 27.922871
v 12.249749 138.928650 27.922871
v 15.072201 138.383514 28.230104
v 15.109425 138.466263 27.922871
v 5.556896 134.824921 28.868370
v 5.070141 132.108353 28.868370
v 5.163598 132.108337 28.561138
v 5.644015 134.789551 28.561138
v 5.556896 129.391800 28.868370
v 7.017154 127.137627 28.868370
v 7.085267 127.202332 28.561138
v 5.644015 129.427155 28.561138
v 5.644015 129.427155 28.230104
v 5.163598 132.108337 28.230104
v 7.085267 127.202332 28.230104
v 7.017154 127.137619 27.922871
v 5.556896 129.391785 27.922871
v 5.070142 132.108337 27.922871
v 5.644015 134.789551 28.230104
v 5.556896 134.824921 27.922871
v 9.390076 125.750435 28.868370
v 12.249749 125.288040 28.868370
v 12.249750 125.376816 28.561138
v 9.427299 125.833191 28.561138
v 15.109425 125.750435 28.868370
v 15.072201 125.833191 28.561138
v 15.072201 125.833199 28.230104
v 12.249750 125.376816 28.230104
v 15.109425 125.750435 27.922871
v 12.249749 125.288040 27.922871
v 9.427300 125.833199 28.230104
v 9.390077 125.750435 27.922871
v 18.333746 126.328842 28.925148
v 20.031609 128.949783 28.925146
v 18.401861 126.264122 28.583851
v 20.118727 128.914413 28.583849
v 20.691017 132.108353 28.583849
v 20.597561 132.108353 28.925148
v 18.401861 126.264114 28.207394
v 20.118727 128.914413 28.207394
v 18.333748 126.328827 27.866091
v 20.031607 128.949783 27.866091
v 20.597561 132.108337 27.866091
v 20.691017 132.108337 28.207394
v 20.118727 135.302277 28.207392
v 20.031607 135.266937 27.866091
v 18.333746 137.887848 27.866091
v 18.401861 137.952560 28.207394
v 20.031609 135.266922 28.925146
v 20.118727 135.302277 28.583849
v 18.401861 137.952545 28.583849
v 18.333748 137.887863 28.925146
v 15.574726 139.500748 28.925146
v 15.611950 139.583496 28.583849
v 12.249749 140.127151 28.583849
v 12.249750 140.038391 28.925148
v 15.611950 139.583496 28.207394
v 15.574726 139.500748 27.866091
v 12.249750 140.038376 27.866091
v 12.249749 140.127151 28.207394
v 8.887549 139.583496 28.207392
v 8.924773 139.500748 27.866091
v 6.165751 137.887878 27.866091
v 6.097639 137.952560 28.207394
v 8.924773 139.500748 28.925146
v 8.887549 139.583511 28.583849
v 6.097639 137.952545 28.583849
v 6.165751 137.887863 28.925146
v 4.467890 135.266922 28.925146
v 4.380771 135.302277 28.583849
v 3.808481 132.108353 28.583849
v 3.901937 132.108353 28.925148
v 4.380770 135.302277 28.207394
v 4.467891 135.266922 27.866091
v 3.901937 132.108353 27.866091
v 3.808481 132.108353 28.207394
v 4.380770 128.914413 28.207392
v 4.467891 128.949783 27.866091
v 6.165751 126.328842 27.866091
v 6.097639 126.264122 28.207394
v 4.467891 128.949783 28.925146
v 4.380770 128.914413 28.583849
v 6.097639 126.264114 28.583849
v 6.165751 126.328827 28.925146
v 8.924774 124.715942 28.925146
v 8.887549 124.633186 28.583849
v 12.249748 124.089523 28.583849
v 12.249750 124.178322 28.925148
v 8.887549 124.633186 28.207394
v 8.924774 124.715950 27.866091
v 12.249750 124.178329 27.866091
v 12.249748 124.089531 28.207394
v 15.611951 124.633179 28.207392
v 15.574726 124.715942 27.866091
v 15.574726 124.715950 28.925146
v 15.611950 124.633186 28.583849
v 18.197521 126.458244 27.630264
v 19.857368 129.020508 27.630264
v 20.410648 132.108368 27.630264
v 17.805878 126.830292 27.552088
v 19.356424 129.223831 27.552088
v 17.618570 127.008224 27.687038
v 19.116844 129.321075 27.687038
v 19.616272 132.108353 27.687037
v 19.873272 132.108353 27.552088
v 19.356426 134.992874 27.552088
v 19.116842 134.895630 27.687038
v 17.618570 137.208481 27.687037
v 17.805878 137.386414 27.552088
v 19.857368 135.196213 27.630264
v 18.197521 137.758453 27.630264
v 18.197521 137.758453 29.160976
v 19.857368 135.196213 29.160978
v 18.010214 137.580521 29.261862
v 19.617786 135.098969 29.261862
v 20.153641 132.108353 29.261860
v 20.410648 132.108353 29.160978
v 17.805878 137.386414 29.239147
v 19.356424 134.992874 29.239149
v 17.618570 137.208481 29.104198
v 19.116842 134.895630 29.104198
v 19.616270 132.108337 29.104198
v 19.873272 132.108337 29.239147
v 19.356426 129.223816 29.239149
v 19.116842 129.321075 29.104198
v 17.618570 127.008209 29.104200
v 17.805878 126.830284 29.239147
v 19.857368 129.020508 29.160980
v 19.617786 129.117737 29.261862
v 18.010214 126.636169 29.261862
v 18.197521 126.458244 29.160978
v 15.500278 139.335236 27.630264
v 12.249750 139.860825 27.630264
v 15.286240 138.859375 27.552088
v 15.183872 138.631790 27.687038
v 12.249749 139.106201 27.687038
v 12.249749 139.350342 27.552090
v 9.213262 138.859360 27.552088
v 9.315628 138.631775 27.687038
v 6.880930 137.208481 27.687037
v 6.693622 137.386429 27.552088
v 8.999223 139.335236 27.630264
v 6.301976 137.758469 27.630264
v 6.301976 137.758469 29.160976
v 8.999223 139.335236 29.160978
v 6.489285 137.580521 29.261862
v 9.101590 139.107651 29.261862
v 12.249750 139.616684 29.261860
v 12.249750 139.860825 29.160978
v 6.693622 137.386414 29.239147
v 9.213262 138.859375 29.239149
v 6.880931 137.208466 29.104198
v 9.315628 138.631790 29.104198
v 12.249749 139.106201 29.104198
v 12.249750 139.350342 29.239147
v 15.286240 138.859344 29.239149
v 15.183873 138.631760 29.104198
v 15.500278 139.335236 29.160978
v 15.397910 139.107651 29.261862
v 4.642131 135.196213 27.630264
v 4.088850 132.108353 27.630264
v 5.143074 134.992889 27.552088
v 5.382655 134.895645 27.687038
v 4.883230 132.108337 27.687038
v 4.626225 132.108337 27.552090
v 5.143074 129.223816 27.552088
v 5.382655 129.321075 27.687038
v 6.880930 127.008209 27.687037
v 6.693622 126.830284 27.552088
v 4.642132 129.020508 27.630264
v 6.301976 126.458244 27.630264
v 6.301976 126.458244 29.160976
v 4.642131 129.020508 29.160978
v 6.489285 126.636177 29.261862
v 4.881713 129.117752 29.261862
v 4.345856 132.108353 29.261860
v 4.088850 132.108368 29.160978
v 6.693622 126.830292 29.239147
v 5.143074 129.223831 29.239149
v 6.880931 127.008224 29.104198
v 5.382655 129.321075 29.104198
v 4.883230 132.108353 29.104198
v 4.626225 132.108353 29.239147
v 5.143074 134.992874 29.239149
v 5.382655 134.895630 29.104198
v 4.642132 135.196198 29.160978
v 4.881713 135.098953 29.261862
v 8.999223 124.881470 27.630264
v 12.249750 124.355881 27.630264
v 9.213262 125.357338 27.552088
v 9.315628 125.584923 27.687038
v 12.249750 125.110489 27.687037
v 12.249750 124.866341 27.552088
v 15.286240 125.357338 27.552088
v 15.183873 125.584923 27.687038
v 15.500278 124.881462 27.630264
v 15.500278 124.881470 29.160980
v 15.397909 125.109055 29.261862
v 12.249749 124.600006 29.261862
v 12.249750 124.355881 29.160978
v 15.286240 125.357338 29.239149
v 15.183872 125.584923 29.104198
v 12.249749 125.110489 29.104198
v 12.249749 124.866341 29.239147
v 9.213262 125.357338 29.239149
v 9.315628 125.584923 29.104198
v 8.999223 124.881462 29.160978
v 9.101589 125.109055 29.261862
v -17.482346 127.137619 28.868370
v -18.942604 129.391785 28.868370
v -17.414232 127.202332 28.561138
v -18.855484 129.427155 28.561136
v -19.335899 132.108337 28.561138
v -19.429359 132.108337 28.868370
v -18.942604 134.824921 28.868370
v -18.855484 134.789566 28.561140
v -17.414234 137.014374 28.561138
v -17.482346 137.079071 28.868372
v -19.335899 132.108337 28.230103
v -18.855484 134.789551 28.230104
v -19.429359 132.108353 27.922871
v -18.942604 134.824921 27.922871
v -17.482346 137.079071 27.922871
v -17.414232 137.014374 28.230104
v -17.414234 127.202332 28.230103
v -18.855484 129.427155 28.230104
v -17.482346 127.137627 27.922867
v -18.942602 129.391800 27.922869
v -15.109425 138.466263 28.868370
v -15.072201 138.383499 28.561136
v -12.249750 138.839859 28.561138
v 18.334164 128.178009 28.868370
v 19.307671 130.721161 28.868370
v 19.215797 130.739227 28.561136
v 18.254963 128.229172 28.561134
v 19.307671 133.495514 28.868370
v 18.334164 136.038696 28.868370
v 18.254963 135.987549 28.561136
v 19.215797 133.477478 28.561134
v 19.215797 133.477478 28.230103
v 18.254963 135.987549 28.230103
v 18.334164 136.038696 27.922869
v 19.307671 133.495529 27.922869
v 18.254963 128.229187 28.230103
v 19.215797 130.739227 28.230103
v 19.307671 130.721161 27.922869
v 18.334164 128.177994 27.922869
v 16.387150 137.888260 28.868370
v 13.710008 138.813049 28.868370
v 13.691001 138.725769 28.561136
v 16.333294 137.813049 28.561134
v 10.789490 138.813049 28.868370
v 8.112349 137.888275 28.868370
v 8.166204 137.813049 28.561136
v 10.808498 138.725784 28.561134
v 10.808498 138.725800 28.230104
v 8.166204 137.813049 28.230103
v 8.112349 137.888275 27.922869
v 10.789491 138.813049 27.922869
v 16.333294 137.813034 28.230104
v 13.691000 138.725784 28.230103
v 13.710009 138.813049 27.922869
v 16.387150 137.888275 27.922869
v 6.165337 136.038696 28.868368
v 5.191831 133.495514 28.868370
v 5.283702 133.477478 28.561136
v 6.244536 135.987549 28.561134
v 5.191830 130.721161 28.868370
v 6.165337 128.178009 28.868370
v 6.244536 128.229172 28.561136
v 5.283702 130.739227 28.561134
v 5.283702 130.739227 28.230104
v 6.244536 128.229172 28.230103
v 6.165337 128.177994 27.922869
v 5.191831 130.721161 27.922869
v 6.244536 135.987534 28.230104
v 5.283702 133.477478 28.230103
v 5.191831 133.495514 27.922869
v 6.165337 136.038696 27.922869
v 8.112349 126.328430 28.868370
v 10.789490 125.403641 28.868370
v 10.808498 125.490921 28.561136
v 8.166204 126.403671 28.561134
v 13.710009 125.403641 28.868370
v 16.387152 126.328430 28.868370
v 16.333294 126.403671 28.561136
v 13.691001 125.490921 28.561134
v 13.691000 125.490921 28.230103
v 16.333296 126.403671 28.230103
v 16.387150 126.328430 27.922869
v 13.710009 125.403641 27.922869
v 8.166205 126.403671 28.230104
v 10.808498 125.490913 28.230103
v 10.789491 125.403641 27.922869
v 8.112349 126.328430 27.922869
v 19.324165 127.538498 28.925148
v 19.403366 127.487335 28.583851
v 20.547947 130.477402 28.583847
v 20.456074 130.495453 28.925148
v 19.403366 127.487320 28.207392
v 19.324165 127.538498 27.866091
v 20.456074 130.495453 27.866091
v 20.547947 130.477402 28.207394
v 20.547947 133.739288 28.207392
v 20.456074 133.721222 27.866091
v 19.324167 136.678192 27.866091
v 19.403366 136.729355 28.207394
v 20.456074 133.721237 28.925148
v 20.547947 133.739288 28.583847
v 19.403368 136.729355 28.583847
v 19.324167 136.678192 28.925146
v 17.060352 138.828705 28.925146
v 17.114210 138.903946 28.583847
v 13.966618 139.991241 28.583847
v 13.947609 139.903961 28.925148
v 17.114210 138.903946 28.207392
v 17.060352 138.828705 27.866091
v 13.947609 139.903976 27.866091
v 13.966618 139.991241 28.207394
v 10.532881 139.991241 28.207392
v 10.551889 139.903976 27.866091
v 7.439146 138.828705 27.866091
v 7.385290 138.903946 28.207394
v 10.551890 139.903976 28.925148
v 10.532881 139.991241 28.583847
v 7.385290 138.903946 28.583847
v 7.439146 138.828705 28.925146
v 5.175333 136.678192 28.925146
v 5.096132 136.729355 28.583847
v 3.951553 133.739288 28.583847
v 4.043426 133.721237 28.925148
v 5.096132 136.729355 28.207392
v 5.175333 136.678192 27.866091
v 4.043426 133.721237 27.866091
v 3.951553 133.739288 28.207394
v 3.951553 130.477386 28.207392
v 4.043426 130.495453 27.866091
v 5.175333 127.538498 27.866091
v 5.096132 127.487335 28.207394
v 4.043426 130.495468 28.925148
v 3.951553 130.477402 28.583847
v 5.096132 127.487335 28.583847
v 5.175333 127.538498 28.925146
v 7.439146 125.387985 28.925146
v 7.385289 125.312737 28.583847
v 10.532881 124.225441 28.583847
v 10.551889 124.312729 28.925148
v 7.385290 125.312737 28.207392
v 7.439146 125.387985 27.866091
v 10.551889 124.312729 27.866091
v 10.532881 124.225441 28.207394
v 13.966618 124.225441 28.207392
v 13.947610 124.312729 27.866091
v 17.060354 125.387970 27.866091
v 17.114210 125.312729 28.207394
v 13.947610 124.312729 28.925148
v 13.966618 124.225441 28.583847
v 17.114210 125.312744 28.583849
v 17.060354 125.387985 28.925148
v 19.165766 127.640823 27.630262
v 20.272327 130.531570 27.630262
v 18.710363 127.934998 27.552090
v 18.492565 128.075684 27.687040
v 19.491413 130.685043 27.687038
v 19.744061 130.635391 27.552090
v 19.744062 133.581299 27.552090
v 19.491413 133.531647 27.687037
v 18.492561 136.141006 27.687038
v 18.710363 136.281708 27.552090
v 20.272327 133.685120 27.630262
v 19.165766 136.575867 27.630262
v 19.165766 136.575867 29.160976
v 18.947964 136.435181 29.261858
v 20.019680 133.635468 29.261860
v 20.272327 133.685120 29.160978
v 18.710363 136.281693 29.239147
v 18.492565 136.141006 29.104200
v 19.491413 133.531631 29.104200
v 19.744061 133.581284 29.239147
v 19.744062 130.635391 29.239147
v 19.491413 130.685043 29.104200
v 18.492561 128.075668 29.104200
v 18.710363 127.934990 29.239149
v 20.272327 130.531586 29.160976
v 20.019678 130.581223 29.261860
v 18.947966 127.781509 29.261862
v 19.165766 127.640823 29.160978
v 16.952641 138.678238 27.630262
v 13.909594 139.729431 27.630262
v 16.642967 138.245636 27.552090
v 16.494864 138.038727 27.687038
v 13.748025 138.987595 27.687040
v 13.800297 139.227600 27.552090
v 10.699202 139.227600 27.552090
v 10.751474 138.987595 27.687040
v 8.004637 138.038742 27.687038
v 7.856532 138.245636 27.552090
v 10.589906 139.729431 27.630262
v 7.546859 138.678238 27.630262
v 7.546859 138.678253 29.160976
v 7.694963 138.471344 29.261858
v 10.642178 139.489410 29.261860
v 10.589906 139.729431 29.160976
v 7.856532 138.245636 29.239147
v 8.004637 138.038727 29.104200
v 10.751474 138.987595 29.104200
v 10.699203 139.227600 29.239147
v 13.800297 139.227600 29.239147
v 13.748025 138.987595 29.104200
v 16.494864 138.038727 29.104200
v 16.642967 138.245636 29.239149
v 13.909594 139.729431 29.160976
v 13.857322 139.489410 29.261860
v 16.804535 138.471344 29.261862
v 16.952641 138.678238 29.160976
v 5.333734 136.575867 27.630262
v 4.227171 133.685120 27.630262
v 5.789136 136.281708 27.552090
v 6.006936 136.141006 27.687038
v 5.008086 133.531631 27.687040
v 4.755437 133.581299 27.552090
v 4.755437 130.635391 27.552090
v 5.008086 130.685043 27.687040
v 6.006936 128.075668 27.687038
v 5.789135 127.934990 27.552090
v 4.227171 130.531570 27.630262
v 5.333734 127.640823 27.630262
v 5.333734 127.640823 29.160976
v 5.551535 127.781517 29.261858
v 4.479820 130.581223 29.261860
v 4.227171 130.531570 29.160976
v 5.789136 127.934998 29.239147
v 6.006936 128.075684 29.104200
v 5.008086 130.685043 29.104200
v 4.755437 130.635391 29.239147
v 4.755437 133.581299 29.239147
v 5.008086 133.531647 29.104200
v 6.006936 136.141006 29.104200
v 5.789135 136.281693 29.239149
v 4.227171 133.685120 29.160976
v 4.479820 133.635468 29.261860
v 5.551535 136.435181 29.261862
v 5.333734 136.575867 29.160976
v 7.546859 125.538460 27.630262
v 10.589906 124.487282 27.630262
v 7.856532 125.971062 27.552090
v 8.004637 126.177948 27.687038
v 10.751474 125.229095 27.687040
v 10.699203 124.989098 27.552090
v 13.800297 124.989098 27.552090
v 13.748025 125.229095 27.687037
v 16.494864 126.177963 27.687038
v 16.642967 125.971069 27.552090
v 13.909594 124.487282 27.630262
v 16.952641 125.538460 27.630262
v 16.952641 125.538460 29.160976
v 16.804535 125.745361 29.261860
v 13.857321 124.727280 29.261862
v 13.909594 124.487282 29.160976
v 16.642967 125.971062 29.239147
v 16.494864 126.177948 29.104200
v 13.748025 125.229095 29.104200
v 13.800297 124.989098 29.239149
v 10.699202 124.989098 29.239147
v 10.751474 125.229095 29.104200
v 8.004637 126.177963 29.104200
v 7.856532 125.971069 29.239149
v 10.589906 124.487282 29.160976
v 10.642178 124.727280 29.261860
v 7.694964 125.745361 29.261862
v 7.546859 125.538460 29.160976
v -18.334164 128.177994 28.868372
v -18.254963 128.229172 28.561136
v -19.215797 130.739227 28.561136
v -19.307671 130.721161 28.868370
v -19.307671 133.495514 28.868372
v -19.215797 133.477478 28.561136
v -18.254963 135.987534 28.561136
v -18.334164 136.038696 28.868372
v -19.215797 133.477463 28.230103
v -19.307671 133.495514 27.922867
v -18.334164 136.038696 27.922869
v -18.254963 135.987534 28.230103
v -18.254963 128.229172 28.230101
v -18.334164 128.178009 27.922867
v -19.307671 130.721161 27.922867
v -19.215797 130.739227 28.230103
v -16.387150 137.888260 28.868372
v -16.333294 137.813034 28.561136
v -13.691000 138.725769 28.561136
v -13.710008 138.813049 28.868370
v -10.789490 138.813049 28.868372
v -10.808498 138.725784 28.561136
v -8.166204 137.813034 28.561136
v -8.112349 137.888260 28.868372
v -10.808497 138.725769 28.230104
v -10.789490 138.813049 27.922867
v -8.112349 137.888260 27.922869
v -8.166204 137.813034 28.230103
v -16.333294 137.813034 28.230104
v -16.387152 137.888260 27.922871
v -13.710008 138.813049 27.922869
v -13.691000 138.725769 28.230103
v -6.165337 136.038696 28.868372
v -6.244537 135.987549 28.561136
v -5.283703 133.477463 28.561136
v -5.191831 133.495529 28.868370
v -5.191831 130.721161 28.868370
v -5.283703 130.739227 28.561136
v -6.244537 128.229172 28.561136
v -6.165337 128.178009 28.868372
v -5.283703 130.739227 28.230104
v -5.191831 130.721161 27.922867
v -6.165337 128.178009 27.922869
v -6.244537 128.229172 28.230103
v -6.244537 135.987534 28.230104
v -6.165337 136.038696 27.922871
v -5.191831 133.495529 27.922869
v -5.283703 133.477463 28.230103
v -8.112349 126.328445 28.868372
v -8.166205 126.403671 28.561136
v -10.808497 125.490921 28.561136
v -10.789490 125.403641 28.868370
v -13.710008 125.403641 28.868370
v -13.691000 125.490913 28.561136
v -16.333294 126.403671 28.561136
v -16.387150 126.328430 28.868370
v -13.691001 125.490921 28.230101
v -13.710008 125.403641 27.922867
v -16.387150 126.328438 27.922867
v -16.333294 126.403671 28.230103
v -8.166205 126.403671 28.230104
v -8.112349 126.328423 27.922871
v -10.789490 125.403641 27.922867
v -10.808497 125.490906 28.230103
v -19.324167 127.538506 28.925148
v -20.456074 130.495453 28.925148
v -20.547947 130.477402 28.583849
v -19.403368 127.487335 28.583845
v -19.403368 127.487335 28.207390
v -20.547947 130.477402 28.207390
v -20.456074 130.495453 27.866091
v -19.324167 127.538498 27.866091
v -20.547947 133.739288 28.207390
v -19.403368 136.729355 28.207390
v -19.324167 136.678192 27.866091
v -20.456074 133.721237 27.866091
v -20.456074 133.721237 28.925148
v -19.324167 136.678192 28.925146
v -19.403368 136.729355 28.583845
v -20.547947 133.739288 28.583847
v -17.060354 138.828705 28.925148
v -13.947609 139.903976 28.925146
v -13.966618 139.991241 28.583845
v -17.114212 138.903946 28.583847
v -17.114210 138.903946 28.207390
v -13.966617 139.991241 28.207392
v -13.947610 139.903961 27.866093
v -17.060354 138.828705 27.866091
v -10.532880 139.991241 28.207392
v -7.385289 138.903946 28.207392
v -7.439145 138.828705 27.866093
v -10.551888 139.903961 27.866093
v -10.551888 139.903961 28.925148
v -7.439145 138.828705 28.925148
v -7.385289 138.903946 28.583849
v -10.532881 139.991241 28.583845
v -5.175332 136.678192 28.925146
v -4.043426 133.721237 28.925146
v -3.951553 133.739288 28.583849
v -5.096132 136.729355 28.583847
v -5.096132 136.729355 28.207392
v -3.951553 133.739288 28.207392
v -4.043425 133.721222 27.866093
v -5.175332 136.678192 27.866093
v -3.951553 130.477386 28.207392
v -5.096132 127.487335 28.207392
v -5.175332 127.538506 27.866093
v -4.043425 130.495468 27.866093
v -4.043425 130.495453 28.925146
v -5.175332 127.538498 28.925146
v -5.096131 127.487320 28.583849
v -3.951553 130.477386 28.583847
v -7.439146 125.387985 28.925146
v -10.551888 124.312729 28.925148
v -10.532880 124.225441 28.583849
v -7.385289 125.312729 28.583847
v -7.385290 125.312744 28.207392
v -10.532880 124.225441 28.207392
v -10.551888 124.312729 27.866093
v -7.439145 125.387985 27.866093
v -13.966618 124.225441 28.207390
v -17.114210 125.312737 28.207390
v -17.060354 125.387978 27.866091
v -13.947609 124.312729 27.866093
v -13.947609 124.312729 28.925148
v -17.060354 125.387993 28.925148
v -17.114210 125.312744 28.583845
v -13.966618 124.225441 28.583847
v -19.165766 127.640823 27.630262
v -20.272327 130.531570 27.630260
v -18.710365 127.934990 27.552090
v -19.744061 130.635406 27.552090
v -19.491415 130.685043 27.687038
v -18.492563 128.075684 27.687038
v -19.744062 133.581299 27.552090
v -18.710365 136.281708 27.552092
v -18.492563 136.141006 27.687038
v -19.491415 133.531647 27.687040
v -20.272327 133.685135 27.630260
v -19.165768 136.575882 27.630260
v -19.165766 136.575867 29.160976
v -20.272327 133.685120 29.160976
v -20.019680 133.635468 29.261860
v -18.947964 136.435181 29.261860
v -18.710365 136.281693 29.239147
v -19.744061 133.581284 29.239147
v -19.491415 133.531631 29.104200
v -18.492563 136.141006 29.104200
v -19.744062 130.635391 29.239147
v -18.710365 127.934990 29.239147
v -18.492563 128.075684 29.104200
v -19.491415 130.685043 29.104200
v -20.272327 130.531570 29.160978
v -19.165768 127.640831 29.160978
v -18.947964 127.781509 29.261862
v -20.019680 130.581223 29.261862
v -16.952641 138.678253 27.630262
v -13.909593 139.729431 27.630264
v -16.642967 138.245636 27.552090
v -13.800297 139.227600 27.552090
v -13.748024 138.987579 27.687038
v -16.494864 138.038727 27.687038
v -10.699201 139.227585 27.552090
v -7.856530 138.245636 27.552092
v -8.004635 138.038727 27.687038
v -10.751472 138.987595 27.687040
v -10.589905 139.729431 27.630262
v -7.546858 138.678253 27.630264
v -7.546857 138.678238 29.160975
v -10.589904 139.729431 29.160976
v -10.642177 139.489426 29.261860
v -7.694962 138.471344 29.261858
v -7.856531 138.245636 29.239147
v -10.699201 139.227600 29.239147
v -10.751472 138.987579 29.104200
v -8.004636 138.038742 29.104200
v -13.800297 139.227585 29.239151
v -16.642967 138.245621 29.239149
v -16.494862 138.038727 29.104200
v -13.748024 138.987595 29.104200
v -13.909593 139.729431 29.160976
v -16.952642 138.678238 29.160976
v -16.804537 138.471344 29.261860
v -13.857321 139.489410 29.261860
v -5.333733 136.575882 27.630262
v -4.227170 133.685120 27.630260
v -5.789134 136.281708 27.552090
v -4.755436 133.581284 27.552090
v -5.008086 133.531631 27.687038
v -6.006936 136.141006 27.687038
v -4.755436 130.635391 27.552090
v -5.789135 127.934990 27.552092
v -6.006936 128.075684 27.687038
v -5.008086 130.685043 27.687040
v -4.227170 130.531570 27.630260
v -5.333733 127.640823 27.630264
v -5.333733 127.640823 29.160975
v -4.227170 130.531570 29.160975
v -4.479819 130.581238 29.261858
v -5.551533 127.781509 29.261856
v -5.789134 127.934990 29.239147
v -4.755436 130.635406 29.239147
v -5.008086 130.685043 29.104200
v -6.006936 128.075684 29.104200
v -4.755436 133.581299 29.239145
v -5.789135 136.281708 29.239147
v -6.006936 136.141006 29.104200
v -5.008086 133.531631 29.104198
v -4.227170 133.685120 29.160975
v -5.333732 136.575867 29.160975
v -5.551533 136.435181 29.261858
v -4.479819 133.635468 29.261856
v -7.546857 125.538460 27.630262
v -10.589905 124.487282 27.630260
v -7.856531 125.971062 27.552090
v -10.699201 124.989090 27.552090
v -10.751472 125.229095 27.687038
v -8.004636 126.177948 27.687038
v -13.800297 124.989098 27.552090
v -16.642967 125.971069 27.552090
v -16.494862 126.177963 27.687038
v -13.748024 125.229095 27.687040
v -13.909593 124.487274 27.630260
v -16.952642 125.538452 27.630264
v -16.952641 125.538467 29.160978
v -13.909593 124.487282 29.160978
v -13.857321 124.727280 29.261860
v -16.804537 125.745354 29.261862
v -16.642967 125.971062 29.239147
v -13.800297 124.989090 29.239147
v -13.748024 125.229095 29.104200
v -16.494864 126.177948 29.104200
v -10.699201 124.989098 29.239147
v -7.856530 125.971069 29.239147
v -8.004636 126.177963 29.104200
v -10.751472 125.229095 29.104200
v -10.589905 124.487274 29.160978
v -7.546858 125.538452 29.160975
v -7.694962 125.745354 29.261858
v -10.642177 124.727272 29.261860
vt 0.683558 0.203019
vt 0.695190 0.203017
vt 0.671930 0.203022
vt 0.706818 0.203014
vt 0.660302 0.203025
vt 0.671919 0.144940
vt 0.660291 0.144943
vt 0.706805 0.144936
vt 0.683546 0.144941
vt 0.695174 0.144938
vt 0.700992 0.144936
vt 0.701004 0.203014
vt 0.677745 0.203019
vt 0.677733 0.144940
vt 0.666117 0.203022
vt 0.666104 0.144943
vt 0.689361 0.144937
vt 0.689376 0.203017
vt 0.669024 0.203022
vt 0.666111 0.173983
vt 0.669011 0.144942
vt 0.671925 0.173981
vt 0.663209 0.203023
vt 0.660296 0.173984
vt 0.706811 0.173975
vt 0.663198 0.144943
vt 0.686453 0.144939
vt 0.689368 0.173977
vt 0.686467 0.203018
vt 0.683553 0.173980
vt 0.692267 0.144938
vt 0.695182 0.173977
vt 0.692283 0.203017
vt 0.698097 0.203016
vt 0.698083 0.144937
vt 0.700998 0.173975
vt 0.703898 0.144936
vt 0.703911 0.203014
vt 0.680640 0.144940
vt 0.680651 0.203019
vt 0.677739 0.173980
vt 0.674837 0.203020
vt 0.674826 0.144940
vt 0.669018 0.173982
vt 0.663203 0.173983
vt 0.686460 0.173979
vt 0.692275 0.173977
vt 0.698090 0.173976
vt 0.703905 0.173975
vt 0.680645 0.173980
vt 0.674832 0.173980
vt 0.093804 0.308503
vt 0.124243 0.309077
vt 0.124648 0.311625
vt 0.093178 0.311053
vt 0.152801 0.298241
vt 0.175197 0.277619
vt 0.177357 0.279112
vt 0.154188 0.300416
vt 0.155716 0.302852
vt 0.179715 0.280793
vt 0.182150 0.282575
vt 0.157307 0.305424
vt 0.092529 0.313876
vt 0.125121 0.314461
vt 0.125636 0.317441
vt 0.091889 0.316825
vt 0.187483 0.249728
vt 0.187854 0.218414
vt 0.190436 0.217984
vt 0.190060 0.250313
vt 0.176635 0.188848
vt 0.155586 0.165661
vt 0.157126 0.163514
vt 0.178853 0.187457
vt 0.181292 0.185921
vt 0.158794 0.161145
vt 0.160501 0.158678
vt 0.183818 0.184324
vt 0.192880 0.250979
vt 0.193280 0.217515
vt 0.196230 0.217035
vt 0.195794 0.251693
vt 0.127890 0.152942
vt 0.097451 0.152367
vt 0.097046 0.149819
vt 0.128515 0.150391
vt 0.068893 0.163203
vt 0.046498 0.183825
vt 0.044337 0.182332
vt 0.067506 0.161028
vt 0.065978 0.158592
vt 0.041979 0.180651
vt 0.039543 0.178869
vt 0.064387 0.156020
vt 0.129165 0.147568
vt 0.096573 0.146983
vt 0.096058 0.144003
vt 0.129805 0.144619
vt 0.034211 0.211716
vt 0.033841 0.243030
vt 0.031258 0.243460
vt 0.031634 0.211131
vt 0.045059 0.272596
vt 0.066108 0.295783
vt 0.064568 0.297930
vt 0.042841 0.273988
vt 0.040402 0.275523
vt 0.062900 0.300299
vt 0.061193 0.302766
vt 0.037876 0.277121
vt 0.028814 0.210465
vt 0.028414 0.243929
vt 0.025464 0.244409
vt 0.025900 0.209751
vt 0.096313 0.299129
vt 0.096942 0.296392
vt 0.122280 0.296743
vt 0.122750 0.299520
vt 0.097584 0.293424
vt 0.097748 0.291641
vt 0.121512 0.291489
vt 0.121738 0.293697
vt 0.144473 0.285071
vt 0.143176 0.283268
vt 0.161060 0.267618
vt 0.162365 0.268843
vt 0.147578 0.290099
vt 0.146088 0.287709
vt 0.164815 0.270638
vt 0.167101 0.272269
vt 0.177794 0.247880
vt 0.175051 0.247255
vt 0.175241 0.220696
vt 0.178031 0.220221
vt 0.172096 0.246575
vt 0.170262 0.246518
vt 0.170075 0.221397
vt 0.172197 0.221223
vt 0.163056 0.197132
vt 0.161353 0.198410
vt 0.144829 0.179487
vt 0.146162 0.178228
vt 0.168086 0.194012
vt 0.165683 0.195507
vt 0.147923 0.175759
vt 0.149561 0.173471
vt 0.125381 0.162315
vt 0.124752 0.165053
vt 0.099415 0.164701
vt 0.098944 0.161924
vt 0.124110 0.168020
vt 0.123946 0.169803
vt 0.100182 0.169955
vt 0.099956 0.167747
vt 0.077222 0.176373
vt 0.078518 0.178176
vt 0.060635 0.193826
vt 0.059329 0.192601
vt 0.074116 0.171345
vt 0.075607 0.173735
vt 0.056880 0.190806
vt 0.054593 0.189175
vt 0.043901 0.213564
vt 0.046644 0.214189
vt 0.046454 0.240748
vt 0.043663 0.241224
vt 0.049599 0.214869
vt 0.051432 0.214926
vt 0.051620 0.240047
vt 0.049497 0.240221
vt 0.058638 0.264312
vt 0.060342 0.263034
vt 0.076866 0.281957
vt 0.075532 0.283216
vt 0.053608 0.267433
vt 0.056011 0.265937
vt 0.073771 0.285685
vt 0.072133 0.287973
vt 0.088850 0.330097
vt 0.128261 0.330393
vt 0.090718 0.322585
vt 0.091283 0.319749
vt 0.126150 0.320381
vt 0.126646 0.323208
vt 0.160376 0.310409
vt 0.158872 0.307964
vt 0.184543 0.284362
vt 0.186848 0.286109
vt 0.163936 0.316857
vt 0.193229 0.290491
vt 0.168968 0.273553
vt 0.170441 0.274519
vt 0.149744 0.293508
vt 0.148790 0.292017
vt 0.171826 0.275403
vt 0.173359 0.276391
vt 0.151624 0.296414
vt 0.150639 0.294892
vt 0.123639 0.305137
vt 0.123911 0.306929
vt 0.094365 0.306365
vt 0.094856 0.304609
vt 0.123115 0.301759
vt 0.123391 0.303508
vt 0.095306 0.303028
vt 0.095768 0.301329
vt 0.208556 0.255688
vt 0.208798 0.214788
vt 0.201370 0.253201
vt 0.198643 0.252439
vt 0.199091 0.216594
vt 0.201800 0.216202
vt 0.188538 0.181252
vt 0.186252 0.182756
vt 0.162138 0.156230
vt 0.163674 0.153850
vt 0.194714 0.177667
vt 0.167401 0.147223
vt 0.150923 0.171637
vt 0.152033 0.170228
vt 0.171624 0.191869
vt 0.170052 0.192807
vt 0.153091 0.168919
vt 0.154244 0.167455
vt 0.174730 0.190021
vt 0.173108 0.190992
vt 0.183792 0.219149
vt 0.185649 0.218800
vt 0.185290 0.249275
vt 0.183456 0.248946
vt 0.180301 0.219819
vt 0.182100 0.219478
vt 0.181795 0.248667
vt 0.180030 0.248350
vt 0.132845 0.131347
vt 0.093434 0.131051
vt 0.130976 0.138859
vt 0.130411 0.141695
vt 0.095544 0.141064
vt 0.095048 0.138236
vt 0.061318 0.151035
vt 0.062822 0.153480
vt 0.037151 0.177082
vt 0.034846 0.175335
vt 0.057759 0.144587
vt 0.028465 0.170953
vt 0.052726 0.187891
vt 0.051254 0.186925
vt 0.071950 0.167936
vt 0.072904 0.169427
vt 0.049868 0.186041
vt 0.048335 0.185053
vt 0.070070 0.165030
vt 0.071055 0.166552
vt 0.098055 0.156307
vt 0.097783 0.154515
vt 0.127329 0.155079
vt 0.126838 0.156836
vt 0.098579 0.159685
vt 0.098303 0.157936
vt 0.126388 0.158416
vt 0.125926 0.160115
vt 0.013138 0.205756
vt 0.012896 0.246655
vt 0.020324 0.208243
vt 0.023051 0.209005
vt 0.022603 0.244850
vt 0.019895 0.245241
vt 0.033156 0.280192
vt 0.035442 0.278688
vt 0.059556 0.305215
vt 0.058021 0.307594
vt 0.026981 0.283776
vt 0.054293 0.314221
vt 0.070771 0.289807
vt 0.069661 0.291216
vt 0.050070 0.269576
vt 0.051642 0.268638
vt 0.068603 0.292526
vt 0.067450 0.293989
vt 0.046964 0.271423
vt 0.048586 0.270452
vt 0.037903 0.242295
vt 0.036045 0.242644
vt 0.036405 0.212169
vt 0.038238 0.212499
vt 0.041393 0.241625
vt 0.039594 0.241966
vt 0.039899 0.212777
vt 0.041664 0.213095
vt 0.813537 0.212957
vt 0.816278 0.213515
vt 0.816011 0.241220
vt 0.813224 0.241750
vt 0.823753 0.268666
vt 0.826158 0.267151
vt 0.845128 0.287316
vt 0.843484 0.289594
vt 0.828474 0.265673
vt 0.830584 0.264309
vt 0.848144 0.282993
vt 0.846708 0.285077
vt 0.818945 0.214088
vt 0.821402 0.214645
vt 0.821175 0.240280
vt 0.818707 0.240721
vt 0.869895 0.300843
vt 0.870524 0.298110
vt 0.898887 0.298035
vt 0.899373 0.300834
vt 0.927214 0.290099
vt 0.925706 0.287698
vt 0.946783 0.268696
vt 0.949076 0.270288
vt 0.924231 0.285342
vt 0.922868 0.283161
vt 0.942471 0.265640
vt 0.944542 0.267118
vt 0.871122 0.295424
vt 0.871663 0.292927
vt 0.897961 0.292753
vt 0.898407 0.295291
vt 0.960976 0.244170
vt 0.958235 0.243611
vt 0.958506 0.215920
vt 0.961295 0.215393
vt 0.950780 0.188483
vt 0.948372 0.189995
vt 0.929415 0.169824
vt 0.931064 0.167549
vt 0.946052 0.191469
vt 0.943939 0.192830
vt 0.926389 0.174141
vt 0.927830 0.172060
vt 0.955567 0.243037
vt 0.953108 0.242479
vt 0.953340 0.216854
vt 0.955809 0.216416
vt 0.904659 0.156286
vt 0.904025 0.159017
vt 0.875658 0.159078
vt 0.875177 0.156279
vt 0.847321 0.167008
vt 0.848826 0.169409
vt 0.827735 0.188417
vt 0.825443 0.186825
vt 0.850298 0.171766
vt 0.851658 0.173948
vt 0.832045 0.191474
vt 0.829974 0.189995
vt 0.903421 0.161702
vt 0.902875 0.164197
vt 0.876575 0.164360
vt 0.876133 0.161822
vt 0.800242 0.210400
vt 0.799839 0.244300
vt 0.796447 0.244936
vt 0.796913 0.209697
vt 0.793496 0.208929
vt 0.792992 0.245558
vt 0.787846 0.246848
vt 0.788129 0.207319
vt 0.806320 0.279683
vt 0.831436 0.306193
vt 0.828582 0.310988
vt 0.801678 0.282273
vt 0.812198 0.275927
vt 0.835414 0.300515
vt 0.833435 0.303299
vt 0.809277 0.277778
vt 0.866591 0.313801
vt 0.901460 0.313869
vt 0.902056 0.317259
vt 0.865848 0.317126
vt 0.865102 0.320574
vt 0.902671 0.320746
vt 0.903949 0.325976
vt 0.863461 0.325908
vt 0.938088 0.307063
vt 0.965853 0.281610
vt 0.970682 0.284450
vt 0.940621 0.311803
vt 0.934384 0.301157
vt 0.960211 0.277620
vt 0.962990 0.279572
vt 0.936210 0.304067
vt 0.974273 0.246734
vt 0.974686 0.212858
vt 0.978080 0.212228
vt 0.977603 0.247438
vt 0.981021 0.248210
vt 0.981538 0.211611
vt 0.986687 0.210331
vt 0.986387 0.249820
vt 0.968240 0.177499
vt 0.943154 0.150976
vt 0.946020 0.146189
vt 0.972887 0.174921
vt 0.962351 0.181242
vt 0.939160 0.156644
vt 0.941146 0.153865
vt 0.965276 0.179397
vt 0.907993 0.143336
vt 0.873114 0.143242
vt 0.872526 0.139853
vt 0.908744 0.140012
vt 0.909500 0.136567
vt 0.871920 0.136365
vt 0.870654 0.131130
vt 0.911154 0.131237
vt 0.836474 0.150036
vt 0.808677 0.175499
vt 0.803847 0.172658
vt 0.833950 0.145290
vt 0.840166 0.155944
vt 0.814313 0.179490
vt 0.811537 0.177538
vt 0.838345 0.153032
vt 0.827278 0.215854
vt 0.827501 0.239345
vt 0.825288 0.215577
vt 0.825127 0.239579
vt 0.823304 0.239904
vt 0.823509 0.215144
vt 0.833958 0.262119
vt 0.850378 0.279659
vt 0.849360 0.281190
vt 0.832402 0.263129
vt 0.835855 0.260658
vt 0.851660 0.278079
vt 0.837195 0.298070
vt 0.814786 0.274298
vt 0.817027 0.272891
vt 0.838768 0.295952
vt 0.840294 0.293911
vt 0.819183 0.271537
vt 0.821410 0.270138
vt 0.841861 0.291804
vt 0.807932 0.242760
vt 0.808282 0.211946
vt 0.810856 0.212433
vt 0.810512 0.242269
vt 0.802839 0.243730
vt 0.803198 0.210989
vt 0.805783 0.211479
vt 0.805434 0.243235
vt 0.872461 0.286759
vt 0.896872 0.286105
vt 0.872438 0.288916
vt 0.897191 0.288636
vt 0.897557 0.290542
vt 0.872099 0.290762
vt 0.920694 0.279591
vt 0.939213 0.263202
vt 0.940699 0.264336
vt 0.921693 0.281250
vt 0.919248 0.277496
vt 0.937767 0.261630
vt 0.957742 0.275945
vt 0.932778 0.298640
vt 0.931391 0.296519
vt 0.955576 0.274538
vt 0.953479 0.273197
vt 0.930056 0.294495
vt 0.928673 0.292379
vt 0.951321 0.271797
vt 0.900206 0.306011
vt 0.868593 0.305975
vt 0.869248 0.303479
vt 0.899816 0.303510
vt 0.900964 0.310919
vt 0.867290 0.310890
vt 0.867945 0.308385
vt 0.900572 0.308412
vt 0.947229 0.241266
vt 0.947009 0.217783
vt 0.949221 0.241545
vt 0.949386 0.217552
vt 0.951209 0.217229
vt 0.951000 0.241979
vt 0.940560 0.195014
vt 0.924147 0.177470
vt 0.925168 0.175941
vt 0.942119 0.194007
vt 0.938659 0.196472
vt 0.922858 0.179046
vt 0.937373 0.159085
vt 0.959759 0.182865
vt 0.957515 0.184269
vt 0.935795 0.161199
vt 0.934264 0.163237
vt 0.955356 0.185619
vt 0.953126 0.187015
vt 0.932692 0.165342
vt 0.966588 0.214388
vt 0.966231 0.245183
vt 0.963658 0.244695
vt 0.964008 0.214877
vt 0.971684 0.213424
vt 0.971315 0.246143
vt 0.968730 0.245651
vt 0.969088 0.213915
vt 0.902059 0.170359
vt 0.877650 0.171009
vt 0.902091 0.168205
vt 0.877337 0.168477
vt 0.876974 0.166572
vt 0.902434 0.166360
vt 0.853828 0.177520
vt 0.835300 0.193912
vt 0.833815 0.192777
vt 0.852831 0.175860
vt 0.855269 0.179615
vt 0.836743 0.195484
vt 0.816781 0.181166
vt 0.841768 0.158463
vt 0.843152 0.160584
vt 0.818946 0.182573
vt 0.821042 0.183914
vt 0.844485 0.162610
vt 0.845865 0.164726
vt 0.823199 0.185315
vt 0.874352 0.151101
vt 0.905972 0.151156
vt 0.905312 0.153651
vt 0.874738 0.153603
vt 0.873603 0.146192
vt 0.907287 0.146245
vt 0.906626 0.148748
vt 0.873991 0.148700
vt 0.108969 0.310262
vt 0.079325 0.303707
vt 0.139046 0.305040
vt 0.139958 0.307445
vt 0.108855 0.312860
vt 0.078217 0.306109
vt 0.165016 0.288996
vt 0.182850 0.264425
vt 0.185273 0.265487
vt 0.166825 0.290863
vt 0.168805 0.292961
vt 0.140978 0.310131
vt 0.187917 0.266687
vt 0.190646 0.267964
vt 0.170855 0.295179
vt 0.142051 0.312961
vt 0.108764 0.315743
vt 0.077034 0.308761
vt 0.108701 0.318763
vt 0.075839 0.311526
vt 0.189138 0.234176
vt 0.183672 0.203089
vt 0.186116 0.202162
vt 0.191766 0.234257
vt 0.167140 0.176202
vt 0.142369 0.157737
vt 0.143477 0.155335
vt 0.169054 0.174397
vt 0.171146 0.172407
vt 0.188811 0.201140
vt 0.144660 0.152683
vt 0.145855 0.149918
vt 0.173302 0.170335
vt 0.191607 0.200079
vt 0.194652 0.234359
vt 0.197640 0.234478
vt 0.112725 0.151182
vt 0.082648 0.156404
vt 0.081736 0.153999
vt 0.112839 0.148584
vt 0.056678 0.172448
vt 0.038844 0.197019
vt 0.036422 0.195957
vt 0.054870 0.170581
vt 0.052889 0.168483
vt 0.080716 0.151313
vt 0.033777 0.194757
vt 0.031048 0.193480
vt 0.050839 0.166265
vt 0.079643 0.148483
vt 0.112930 0.145701
vt 0.112993 0.142681
vt 0.032557 0.227268
vt 0.038022 0.258355
vt 0.035578 0.259282
vt 0.029928 0.227187
vt 0.054554 0.285243
vt 0.052640 0.287047
vt 0.050548 0.289037
vt 0.032883 0.260304
vt 0.048392 0.291109
vt 0.030087 0.261366
vt 0.027042 0.227085
vt 0.024054 0.226966
vt 0.083699 0.294956
vt 0.109491 0.300611
vt 0.084855 0.292393
vt 0.109571 0.297801
vt 0.134606 0.293338
vt 0.135607 0.295977
vt 0.086075 0.289626
vt 0.109619 0.294738
vt 0.086609 0.288684
vt 0.109608 0.292139
vt 0.132892 0.288821
vt 0.133503 0.290432
vt 0.154232 0.277809
vt 0.152516 0.275858
vt 0.167433 0.258016
vt 0.168458 0.258366
vt 0.158223 0.282120
vt 0.156299 0.280070
vt 0.171207 0.259627
vt 0.173772 0.260778
vt 0.179202 0.234164
vt 0.176383 0.234088
vt 0.171662 0.207646
vt 0.174314 0.206640
vt 0.173326 0.234013
vt 0.170744 0.234015
vt 0.167272 0.209312
vt 0.168757 0.208748
vt 0.155416 0.186812
vt 0.153483 0.188523
vt 0.135085 0.172760
vt 0.135619 0.171818
vt 0.159713 0.182801
vt 0.157654 0.184728
vt 0.136839 0.169051
vt 0.137995 0.166488
vt 0.112203 0.160833
vt 0.112123 0.163643
vt 0.087089 0.168106
vt 0.086087 0.165467
vt 0.112076 0.166706
vt 0.112087 0.169305
vt 0.088803 0.172623
vt 0.088191 0.171012
vt 0.067463 0.183635
vt 0.069178 0.185586
vt 0.054261 0.203428
vt 0.053236 0.203078
vt 0.063471 0.179324
vt 0.065395 0.181374
vt 0.050488 0.201817
vt 0.047923 0.200666
vt 0.042492 0.227280
vt 0.045312 0.227356
vt 0.050032 0.253798
vt 0.047380 0.254804
vt 0.048369 0.227431
vt 0.050951 0.227429
vt 0.054422 0.252132
vt 0.052937 0.252696
vt 0.066278 0.274632
vt 0.068212 0.272921
vt 0.061981 0.278644
vt 0.064040 0.276716
vt 0.070392 0.325147
vt 0.108521 0.331152
vt 0.147066 0.326176
vt 0.073626 0.316945
vt 0.108618 0.324633
vt 0.074697 0.314273
vt 0.108655 0.321749
vt 0.143110 0.315750
vt 0.144126 0.318427
vt 0.174813 0.299516
vt 0.172871 0.297382
vt 0.193322 0.269262
vt 0.195896 0.270550
vt 0.179209 0.304329
vt 0.203757 0.274543
vt 0.175865 0.261670
vt 0.159792 0.283751
vt 0.177516 0.262318
vt 0.161030 0.285004
vt 0.137044 0.299765
vt 0.136413 0.298102
vt 0.179070 0.262903
vt 0.162194 0.286161
vt 0.180789 0.263569
vt 0.163478 0.287440
vt 0.138276 0.303010
vt 0.137632 0.301313
vt 0.109201 0.306269
vt 0.109088 0.308078
vt 0.080300 0.301699
vt 0.081144 0.300060
vt 0.109399 0.302873
vt 0.109304 0.304631
vt 0.081918 0.298591
vt 0.082724 0.297012
vt 0.209584 0.235308
vt 0.204431 0.195213
vt 0.203321 0.234829
vt 0.200551 0.234636
vt 0.194310 0.199053
vt 0.196855 0.198087
vt 0.177321 0.166303
vt 0.175375 0.168286
vt 0.146997 0.147171
vt 0.148068 0.144499
vt 0.181689 0.161791
vt 0.151302 0.136297
vt 0.138970 0.164432
vt 0.161409 0.181254
vt 0.139776 0.162853
vt 0.162776 0.180061
vt 0.178193 0.205168
vt 0.176474 0.205820
vt 0.140550 0.161384
vt 0.164073 0.178951
vt 0.141394 0.159745
vt 0.165487 0.177713
vt 0.181581 0.203883
vt 0.179810 0.204555
vt 0.185018 0.234153
vt 0.186898 0.234142
vt 0.181498 0.234197
vt 0.183312 0.234182
vt 0.113174 0.130292
vt 0.074628 0.135268
vt 0.113077 0.136811
vt 0.113039 0.139695
vt 0.078584 0.145694
vt 0.077569 0.143017
vt 0.046881 0.161928
vt 0.048823 0.164062
vt 0.028372 0.192182
vt 0.025798 0.190894
vt 0.042485 0.157115
vt 0.017937 0.186901
vt 0.045829 0.199774
vt 0.061902 0.177693
vt 0.044178 0.199126
vt 0.060664 0.176440
vt 0.084650 0.161679
vt 0.085281 0.163342
vt 0.042624 0.198541
vt 0.059501 0.175283
vt 0.040906 0.197875
vt 0.058216 0.174004
vt 0.083418 0.158434
vt 0.084062 0.160131
vt 0.112493 0.155176
vt 0.112606 0.153366
vt 0.112295 0.158571
vt 0.112390 0.156813
vt 0.012111 0.226135
vt 0.017263 0.266231
vt 0.018373 0.226614
vt 0.021143 0.226808
vt 0.027384 0.262391
vt 0.024839 0.263356
vt 0.044374 0.295140
vt 0.046319 0.293158
vt 0.040005 0.299653
vt 0.060285 0.280191
vt 0.058918 0.281383
vt 0.043502 0.256276
vt 0.045220 0.255624
vt 0.057621 0.282493
vt 0.056207 0.283731
vt 0.040113 0.257562
vt 0.041884 0.256890
vt 0.036676 0.227291
vt 0.034797 0.227302
vt 0.040197 0.227247
vt 0.038382 0.227262
vt 0.817994 0.199275
vt 0.811979 0.227304
vt 0.820559 0.200366
vt 0.814794 0.227315
vt 0.819831 0.254681
vt 0.817180 0.255726
vt 0.832626 0.280109
vt 0.834690 0.278179
vt 0.857173 0.294110
vt 0.856013 0.296659
vt 0.822389 0.253671
vt 0.836676 0.276288
vt 0.824724 0.252750
vt 0.838482 0.274532
vt 0.859295 0.289267
vt 0.858286 0.291602
vt 0.823061 0.201460
vt 0.817526 0.227351
vt 0.825373 0.202497
vt 0.820035 0.227409
vt 0.884545 0.302212
vt 0.884616 0.299393
vt 0.912772 0.294111
vt 0.913792 0.296774
vt 0.939142 0.281155
vt 0.937205 0.279119
vt 0.953955 0.256752
vt 0.956521 0.257844
vt 0.911772 0.291502
vt 0.935312 0.277113
vt 0.910849 0.289091
vt 0.933561 0.275248
vt 0.949139 0.254621
vt 0.951451 0.255658
vt 0.884676 0.296626
vt 0.884725 0.294060
vt 0.962536 0.229831
vt 0.959720 0.229818
vt 0.954692 0.202464
vt 0.957345 0.201421
vt 0.941915 0.177038
vt 0.939847 0.178964
vt 0.917374 0.163025
vt 0.918540 0.160478
vt 0.952131 0.203470
vt 0.937857 0.180853
vt 0.949795 0.204388
vt 0.936046 0.182605
vt 0.915241 0.167863
vt 0.916256 0.165530
vt 0.956986 0.229780
vt 0.954476 0.229721
vt 0.890009 0.154908
vt 0.889932 0.157727
vt 0.861768 0.162998
vt 0.860751 0.160334
vt 0.835385 0.175953
vt 0.837320 0.177990
vt 0.862763 0.165607
vt 0.839211 0.179997
vt 0.863683 0.168019
vt 0.840959 0.181862
vt 0.889866 0.160493
vt 0.889812 0.163058
vt 0.798389 0.227305
vt 0.805512 0.194242
vt 0.804480 0.260727
vt 0.801254 0.261998
vt 0.794964 0.227274
vt 0.802401 0.192891
vt 0.791462 0.227200
vt 0.799199 0.191458
vt 0.797980 0.263290
vt 0.792140 0.265609
vt 0.787080 0.227061
vt 0.793036 0.188794
vt 0.817607 0.294172
vt 0.847403 0.315182
vt 0.844675 0.321268
vt 0.814483 0.297259
vt 0.822630 0.289367
vt 0.850188 0.308837
vt 0.848802 0.311948
vt 0.820132 0.291727
vt 0.883916 0.315460
vt 0.918518 0.309083
vt 0.919755 0.312305
vt 0.883843 0.318881
vt 0.883777 0.322414
vt 0.921027 0.315614
vt 0.923294 0.321556
vt 0.883650 0.326835
vt 0.953236 0.295569
vt 0.975321 0.265665
vt 0.981479 0.268327
vt 0.956296 0.298754
vt 0.948477 0.290525
vt 0.969004 0.262879
vt 0.972117 0.264230
vt 0.950821 0.293003
vt 0.976129 0.229841
vt 0.970055 0.196439
vt 0.973285 0.195174
vt 0.979555 0.229876
vt 0.983059 0.229955
vt 0.976564 0.193889
vt 0.982406 0.191583
vt 0.987442 0.230099
vt 0.956969 0.163006
vt 0.927197 0.141975
vt 0.929939 0.135895
vt 0.960101 0.159927
vt 0.951932 0.167798
vt 0.924393 0.148312
vt 0.925789 0.145205
vt 0.954436 0.165445
vt 0.890665 0.141663
vt 0.856045 0.148020
vt 0.854815 0.144797
vt 0.890746 0.138243
vt 0.890822 0.134711
vt 0.853551 0.141487
vt 0.851296 0.135537
vt 0.890961 0.130290
vt 0.821309 0.161533
vt 0.818254 0.158345
vt 0.826060 0.166579
vt 0.823719 0.164099
vt 0.826825 0.227570
vt 0.830153 0.204917
vt 0.830210 0.250574
vt 0.824029 0.227523
vt 0.829009 0.204215
vt 0.828472 0.251269
vt 0.826740 0.251954
vt 0.822194 0.227470
vt 0.827350 0.203416
vt 0.841341 0.271719
vt 0.860825 0.285528
vt 0.860137 0.287245
vt 0.840028 0.273013
vt 0.843362 0.269768
vt 0.861207 0.284205
vt 0.824856 0.287293
vt 0.851455 0.306109
vt 0.807331 0.259604
vt 0.809792 0.258635
vt 0.826798 0.285498
vt 0.852596 0.303749
vt 0.828673 0.283769
vt 0.853712 0.301477
vt 0.812158 0.257704
vt 0.814604 0.256742
vt 0.830605 0.281983
vt 0.854851 0.299127
vt 0.806607 0.227306
vt 0.813060 0.197281
vt 0.815480 0.198242
vt 0.809231 0.227304
vt 0.801423 0.227313
vt 0.808280 0.195394
vt 0.810708 0.196361
vt 0.804062 0.227311
vt 0.884618 0.286980
vt 0.908616 0.283241
vt 0.884724 0.289920
vt 0.909345 0.285161
vt 0.910043 0.286985
vt 0.884741 0.291831
vt 0.930797 0.272185
vt 0.945501 0.252902
vt 0.947161 0.253702
vt 0.932060 0.273610
vt 0.928916 0.269937
vt 0.944354 0.252199
vt 0.946400 0.288387
vt 0.966236 0.261725
vt 0.917444 0.306288
vt 0.916536 0.303925
vt 0.944588 0.286591
vt 0.963807 0.260759
vt 0.942836 0.284877
vt 0.961455 0.259838
vt 0.915669 0.301667
vt 0.914764 0.299310
vt 0.941030 0.283086
vt 0.959035 0.258877
vt 0.884303 0.307467
vt 0.884440 0.304920
vt 0.884020 0.312473
vt 0.884155 0.309919
vt 0.947684 0.229554
vt 0.944302 0.206556
vt 0.950481 0.229603
vt 0.946043 0.205864
vt 0.947777 0.205182
vt 0.952317 0.229658
vt 0.933180 0.185413
vt 0.913702 0.171597
vt 0.914394 0.169882
vt 0.934497 0.184122
vt 0.931154 0.187359
vt 0.913312 0.172917
vt 0.949701 0.169868
vt 0.923120 0.151037
vt 0.967201 0.197558
vt 0.964739 0.198522
vt 0.947755 0.171659
vt 0.921973 0.153394
vt 0.945876 0.173385
vt 0.920852 0.155664
vt 0.962371 0.199450
vt 0.959924 0.200409
vt 0.943940 0.175168
vt 0.919707 0.158011
vt 0.967909 0.229833
vt 0.965284 0.229833
vt 0.973094 0.229831
vt 0.970454 0.229830
vt 0.889903 0.170136
vt 0.865904 0.173871
vt 0.889805 0.167197
vt 0.865180 0.171950
vt 0.864486 0.170126
vt 0.889792 0.165287
vt 0.843720 0.184927
vt 0.842459 0.183501
vt 0.845598 0.187175
vt 0.828133 0.168717
vt 0.857114 0.150816
vt 0.858018 0.153180
vt 0.829944 0.170515
vt 0.831694 0.172229
vt 0.858882 0.155439
vt 0.859783 0.157797
vt 0.833499 0.174021
vt 0.890261 0.149654
vt 0.890118 0.152201
vt 0.890554 0.144649
vt 0.890413 0.147203
vt 0.669021 0.188502
vt 0.671927 0.188501
vt 0.666114 0.188502
vt 0.666107 0.159463
vt 0.669015 0.159462
vt 0.671922 0.159461
vt 0.663207 0.188503
vt 0.660299 0.188504
vt 0.706815 0.188495
vt 0.660294 0.159463
vt 0.706808 0.159455
vt 0.663200 0.159463
vt 0.686457 0.159459
vt 0.683549 0.159460
vt 0.689364 0.159457
vt 0.689372 0.188497
vt 0.686464 0.188498
vt 0.683555 0.188499
vt 0.692271 0.159457
vt 0.695178 0.159457
vt 0.695186 0.188497
vt 0.692279 0.188497
vt 0.698093 0.188496
vt 0.701001 0.188495
vt 0.698087 0.159457
vt 0.700995 0.159456
vt 0.703908 0.188495
vt 0.703902 0.159456
vt 0.680642 0.159460
vt 0.677736 0.159460
vt 0.680649 0.188499
vt 0.677742 0.188499
vt 0.674829 0.159460
vt 0.674835 0.188500
vn -0.741254 0.480199 0.468990
vn -0.608446 0.641058 0.467801
vn -0.432267 0.454814 0.778646
vn -0.525910 0.340683 0.779329
vn -0.825717 0.315959 0.467291
vn -0.587148 0.224807 0.777637
vn -0.923754 0.353427 0.147540
vn -0.830013 0.537709 0.148147
vn -0.680792 0.717450 0.147607
vn -0.871251 0.156021 0.465380
vn -0.621026 0.111314 0.775845
vn -0.885513 0.000001 0.464615
vn -0.631801 0.000000 0.775131
vn -0.989204 -0.000001 0.146545
vn -0.973678 0.174331 0.146833
vn -0.989204 -0.000000 -0.146548
vn -0.973678 0.174330 -0.146834
vn -0.923752 0.353431 -0.147545
vn -0.830013 0.537708 -0.148152
vn -0.680789 0.717455 -0.147598
vn -0.871257 -0.156017 0.465371
vn -0.621032 -0.111315 0.775841
vn -0.825727 -0.315958 0.467275
vn -0.587153 -0.224808 0.777633
vn -0.923756 -0.353424 0.147534
vn -0.973678 -0.174333 0.146828
vn -0.741262 -0.480209 0.468966
vn -0.525912 -0.340682 0.779328
vn -0.608457 -0.641073 0.467767
vn -0.432264 -0.454813 0.778648
vn -0.680788 -0.717457 0.147596
vn -0.830015 -0.537709 0.148133
vn -0.680792 -0.717459 -0.147561
vn -0.830015 -0.537713 -0.148125
vn -0.923754 -0.353429 -0.147532
vn -0.973678 -0.174332 -0.146831
vn -0.825730 -0.315959 -0.467270
vn -0.871256 -0.156019 -0.465372
vn -0.885515 -0.000000 -0.464612
vn -0.608452 -0.641068 -0.467779
vn -0.741262 -0.480211 -0.468965
vn -0.432264 -0.454812 -0.778649
vn -0.525910 -0.340680 -0.779330
vn -0.587153 -0.224808 -0.777633
vn -0.621034 -0.111315 -0.775838
vn -0.631804 -0.000000 -0.775128
vn -0.825721 0.315957 -0.467286
vn -0.741250 0.480206 -0.468989
vn -0.608448 0.641062 -0.467794
vn -0.871253 0.156020 -0.465377
vn -0.621034 0.111315 -0.775839
vn -0.587153 0.224808 -0.777633
vn -0.525912 0.340682 -0.779328
vn -0.432269 0.454816 -0.778644
vn -0.447553 -0.766754 0.460200
vn -0.321075 -0.548775 0.771853
vn -0.290691 -0.843043 0.452523
vn -0.210530 -0.608878 0.764817
vn -0.322551 -0.935869 0.141810
vn -0.498648 -0.854636 0.144734
vn -0.142490 -0.882935 0.447350
vn -0.103848 -0.641621 0.759960
vn -0.000001 -0.895262 0.445541
vn -0.000000 -0.651958 0.758255
vn -0.000004 -0.990265 0.139192
vn -0.157682 -0.977535 0.139863
vn -0.000004 -0.990266 -0.139189
vn -0.157680 -0.977535 -0.139863
vn -0.322551 -0.935868 -0.141817
vn -0.498651 -0.854638 -0.144710
vn 0.142493 -0.882941 0.447338
vn 0.103845 -0.641624 0.759957
vn 0.290686 -0.843027 0.452556
vn 0.210526 -0.608873 0.764822
vn 0.322553 -0.935869 0.141808
vn 0.157688 -0.977537 0.139845
vn 0.447546 -0.766749 0.460215
vn 0.321080 -0.548771 0.771854
vn 0.608463 -0.641079 0.467751
vn 0.432274 -0.454816 0.778641
vn 0.680794 -0.717455 0.147574
vn 0.498645 -0.854643 0.144703
vn 0.680792 -0.717453 -0.147592
vn 0.498642 -0.854639 -0.144735
vn 0.322553 -0.935866 -0.141824
vn 0.157684 -0.977536 -0.139854
vn 0.290687 -0.843031 -0.452548
vn 0.142492 -0.882943 -0.447334
vn -0.000001 -0.895259 -0.445546
vn 0.608452 -0.641069 -0.467778
vn 0.447539 -0.766742 -0.460235
vn 0.432266 -0.454806 -0.778651
vn 0.321075 -0.548779 -0.771850
vn 0.210529 -0.608885 -0.764812
vn 0.103846 -0.641622 -0.759959
vn -0.000000 -0.651957 -0.758256
vn -0.290687 -0.843029 -0.452552
vn -0.447542 -0.766735 -0.460243
vn -0.142489 -0.882941 -0.447340
vn -0.103845 -0.641628 -0.759954
vn -0.210528 -0.608881 -0.764815
vn -0.321081 -0.548773 -0.771852
vn 0.741264 -0.480209 0.468964
vn 0.525919 -0.340687 0.779321
vn 0.825722 -0.315960 0.467282
vn 0.587153 -0.224808 0.777633
vn 0.923755 -0.353427 0.147533
vn 0.830014 -0.537709 0.148139
vn 0.871253 -0.156016 0.465378
vn 0.621026 -0.111315 0.775845
vn 0.885514 -0.000001 0.464614
vn 0.631795 -0.000000 0.775135
vn 0.989205 0.000001 0.146542
vn 0.973679 -0.174333 0.146825
vn 0.989205 -0.000000 -0.146542
vn 0.973679 -0.174333 -0.146824
vn 0.923755 -0.353427 -0.147532
vn 0.830017 -0.537706 -0.148139
vn 0.871253 0.156020 0.465377
vn 0.621027 0.111314 0.775845
vn 0.825720 0.315956 0.467289
vn 0.587147 0.224808 0.777637
vn 0.923755 0.353429 0.147530
vn 0.973679 0.174332 0.146824
vn 0.741253 0.480202 0.468988
vn 0.525904 0.340678 0.779335
vn 0.608449 0.641062 0.467792
vn 0.432265 0.454811 0.778649
vn 0.680792 0.717453 0.147590
vn 0.830016 0.537707 0.148135
vn 0.680788 0.717453 -0.147608
vn 0.830014 0.537706 -0.148152
vn 0.923753 0.353428 -0.147542
vn 0.973678 0.174333 -0.146830
vn 0.825718 0.315957 -0.467292
vn 0.871252 0.156021 -0.465379
vn 0.885515 -0.000000 -0.464611
vn 0.608444 0.641060 -0.467800
vn 0.741249 0.480203 -0.468994
vn 0.432271 0.454818 -0.778641
vn 0.525912 0.340684 -0.779327
vn 0.587150 0.224806 -0.777636
vn 0.621030 0.111315 -0.775842
vn 0.631804 -0.000000 -0.775129
vn 0.825723 -0.315957 -0.467282
vn 0.741258 -0.480206 -0.468976
vn 0.871256 -0.156017 -0.465373
vn 0.621031 -0.111312 -0.775841
vn 0.587148 -0.224806 -0.777637
vn 0.525909 -0.340680 -0.779331
vn 0.447544 0.766735 0.460241
vn 0.321080 0.548779 0.771848
vn 0.290689 0.843032 0.452546
vn 0.210531 0.608886 0.764810
vn 0.322554 0.935865 0.141828
vn 0.498651 0.854634 0.144732
vn 0.142494 0.882940 0.447339
vn 0.103848 0.641624 0.759957
vn 0.000000 0.895260 0.445545
vn -0.000000 0.651955 0.758258
vn -0.000001 0.990264 0.139202
vn 0.157688 0.977533 0.139869
vn -0.000001 0.990264 -0.139202
vn 0.157689 0.977534 -0.139865
vn 0.322556 0.935865 -0.141823
vn 0.498648 0.854634 -0.144742
vn -0.142494 0.882943 0.447334
vn -0.103849 0.641630 0.759951
vn -0.290689 0.843035 0.452540
vn -0.210531 0.608889 0.764808
vn -0.322554 0.935864 0.141837
vn -0.157688 0.977532 0.139878
vn -0.447541 0.766733 0.460247
vn -0.321075 0.548776 0.771852
vn -0.498649 0.854634 0.144741
vn -0.498651 0.854636 -0.144724
vn -0.322556 0.935866 -0.141819
vn -0.157689 0.977533 -0.139868
vn -0.290690 0.843032 -0.452544
vn -0.142494 0.882942 -0.447336
vn -0.000000 0.895260 -0.445543
vn -0.447542 0.766736 -0.460242
vn -0.321080 0.548775 -0.771851
vn -0.210534 0.608887 -0.764808
vn -0.103849 0.641630 -0.759951
vn -0.000000 0.651957 -0.758256
vn 0.290689 0.843028 -0.452552
vn 0.447540 0.766732 -0.460250
vn 0.142494 0.882939 -0.447340
vn 0.103848 0.641629 -0.759953
vn 0.210530 0.608885 -0.764811
vn 0.321076 0.548777 -0.771851
vn 0.621943 -0.654209 0.430347
vn 0.756629 -0.490134 0.432759
vn 0.516643 -0.334700 0.788071
vn 0.425955 -0.448984 0.785478
vn 0.683442 -0.718720 0.127862
vn 0.832324 -0.539161 0.128615
vn 0.842076 -0.322451 0.432359
vn 0.926133 -0.354681 0.128370
vn 0.574796 -0.219899 0.788197
vn 0.683446 -0.718722 -0.127828
vn 0.832325 -0.539163 -0.128602
vn 0.926133 -0.354681 -0.128372
vn 0.976213 -0.175036 0.127945
vn 0.888027 -0.159199 0.431351
vn 0.976213 -0.175038 -0.127947
vn 0.991805 0.000001 0.127762
vn 0.991805 -0.000001 -0.127763
vn 0.902400 0.000000 0.430900
vn 0.606480 -0.108571 0.787651
vn 0.616475 -0.000000 0.787374
vn 0.621939 -0.654205 -0.430357
vn 0.756631 -0.490131 -0.432760
vn 0.842076 -0.322451 -0.432358
vn 0.292933 -0.308933 -0.904848
vn 0.353832 -0.229228 -0.906784
vn 0.392690 -0.150194 -0.907324
vn 0.888026 -0.159200 -0.431352
vn 0.413817 -0.074055 -0.907343
vn 0.902399 -0.000002 -0.430901
vn 0.420476 0.000002 -0.907304
vn 0.976213 0.175038 -0.127943
vn 0.976214 0.175037 0.127942
vn 0.888030 0.159197 -0.431345
vn 0.926135 0.354680 -0.128361
vn 0.842079 0.322456 -0.432350
vn 0.926134 0.354681 0.128362
vn 0.413819 0.074056 -0.907342
vn 0.392689 0.150194 -0.907324
vn 0.756630 0.490140 -0.432753
vn 0.832324 0.539167 -0.128590
vn 0.353827 0.229229 -0.906786
vn 0.621946 0.654212 -0.430337
vn 0.292934 0.308936 -0.904847
vn 0.683445 0.718723 -0.127825
vn 0.832323 0.539166 0.128598
vn 0.683446 0.718720 0.127841
vn 0.888030 0.159199 0.431346
vn 0.606483 0.108573 0.787649
vn 0.842079 0.322453 0.432350
vn 0.574790 0.219899 0.788201
vn 0.756634 0.490141 0.432743
vn 0.621946 0.654217 0.430330
vn 0.516635 0.334695 0.788079
vn 0.425960 0.448985 0.785475
vn 0.457287 0.781199 0.424990
vn 0.314336 0.538912 0.781515
vn 0.501322 0.856069 0.125786
vn 0.296861 0.858024 0.419128
vn 0.324593 0.937744 0.123594
vn 0.205086 0.595243 0.776933
vn 0.501322 0.856070 -0.125779
vn 0.324593 0.937744 -0.123594
vn 0.158759 0.979737 0.122114
vn 0.145460 0.898084 0.415073
vn 0.158758 0.979737 -0.122113
vn 0.000001 0.992580 0.121591
vn -0.000000 0.992579 -0.121601
vn 0.000002 0.910433 0.413656
vn 0.100867 0.625506 0.773672
vn 0.000001 0.634973 0.772534
vn 0.457288 0.781200 -0.424987
vn 0.296862 0.858024 -0.419127
vn 0.215889 0.370471 -0.903407
vn 0.140843 0.409230 -0.901496
vn 0.145457 0.898086 -0.415071
vn 0.069286 0.430162 -0.900089
vn 0.000000 0.910433 -0.413657
vn 0.000000 0.436737 -0.899589
vn -0.158756 0.979736 -0.122120
vn -0.158757 0.979738 0.122103
vn -0.145457 0.898081 -0.415081
vn -0.324593 0.937741 -0.123619
vn -0.296860 0.858015 -0.419147
vn -0.324593 0.937744 0.123594
vn -0.069286 0.430159 -0.900090
vn -0.140841 0.409224 -0.901499
vn -0.457282 0.781198 -0.424997
vn -0.501321 0.856069 -0.125789
vn -0.215884 0.370471 -0.903408
vn -0.621947 0.654218 -0.430326
vn -0.292938 0.308938 -0.904845
vn -0.683447 0.718724 -0.127810
vn -0.501324 0.856068 0.125783
vn -0.683447 0.718720 0.127836
vn -0.145458 0.898082 0.415078
vn -0.100866 0.625495 0.773681
vn -0.296859 0.858014 0.419150
vn -0.205087 0.595244 0.776932
vn -0.457287 0.781196 0.424996
vn -0.621954 0.654222 0.430311
vn -0.314337 0.538917 0.781512
vn -0.425963 0.448990 0.785470
vn -0.756637 0.490140 0.432738
vn -0.516636 0.334694 0.788078
vn -0.832323 0.539167 0.128596
vn -0.842077 0.322452 0.432355
vn -0.926135 0.354680 0.128362
vn -0.574787 0.219897 0.788204
vn -0.832326 0.539166 -0.128583
vn -0.926134 0.354681 -0.128362
vn -0.976213 0.175037 0.127945
vn -0.888029 0.159200 0.431348
vn -0.976213 0.175038 -0.127944
vn -0.991805 -0.000000 0.127763
vn -0.991805 0.000000 -0.127761
vn -0.902400 -0.000001 0.430900
vn -0.606480 0.108574 0.787651
vn -0.616476 0.000002 0.787374
vn -0.756636 0.490137 -0.432744
vn -0.842079 0.322453 -0.432351
vn -0.353829 0.229227 -0.906785
vn -0.392687 0.150195 -0.907325
vn -0.888028 0.159200 -0.431349
vn -0.413817 0.074055 -0.907343
vn -0.902400 0.000000 -0.430900
vn -0.420479 0.000000 -0.907302
vn -0.976213 -0.175039 -0.127944
vn -0.976213 -0.175036 0.127947
vn -0.888027 -0.159198 -0.431352
vn -0.926132 -0.354683 -0.128371
vn -0.842071 -0.322451 -0.432367
vn -0.926133 -0.354681 0.128375
vn -0.413822 -0.074056 -0.907341
vn -0.392688 -0.150194 -0.907324
vn -0.756628 -0.490134 -0.432762
vn -0.832323 -0.539164 -0.128610
vn -0.353830 -0.229228 -0.906785
vn -0.621943 -0.654210 -0.430344
vn -0.292938 -0.308940 -0.904845
vn -0.683443 -0.718720 -0.127856
vn -0.832324 -0.539163 0.128608
vn -0.683444 -0.718722 0.127839
vn -0.888029 -0.159197 0.431348
vn -0.606480 -0.108574 0.787651
vn -0.842074 -0.322451 0.432362
vn -0.574788 -0.219897 0.788203
vn -0.756627 -0.490131 0.432766
vn -0.621940 -0.654207 0.430354
vn -0.516634 -0.334693 0.788080
vn -0.425957 -0.448982 0.785479
vn -0.457278 -0.781188 0.425021
vn -0.314334 -0.538912 0.781516
vn -0.501318 -0.856069 0.125802
vn -0.296855 -0.858009 0.419164
vn -0.324593 -0.937741 0.123617
vn -0.205085 -0.595246 0.776931
vn -0.501318 -0.856066 -0.125821
vn -0.324591 -0.937740 -0.123629
vn -0.158758 -0.979735 0.122126
vn -0.145454 -0.898068 0.415111
vn -0.158757 -0.979735 -0.122131
vn -0.000000 -0.992577 0.121620
vn -0.000000 -0.992577 -0.121619
vn 0.000000 -0.910413 0.413701
vn -0.100866 -0.625512 0.773667
vn -0.000000 -0.635003 0.772510
vn -0.457279 -0.781188 -0.425018
vn -0.296854 -0.858007 -0.419169
vn -0.215887 -0.370475 -0.903405
vn -0.140839 -0.409224 -0.901499
vn -0.145454 -0.898067 -0.415113
vn -0.069286 -0.430159 -0.900090
vn 0.000000 -0.910413 -0.413701
vn -0.000000 -0.436747 -0.899585
vn 0.158755 -0.979735 -0.122135
vn 0.158758 -0.979732 0.122149
vn 0.145451 -0.898064 -0.415121
vn 0.324590 -0.937743 -0.123613
vn 0.296849 -0.858003 -0.419179
vn 0.324592 -0.937738 0.123643
vn 0.069286 -0.430164 -0.900088
vn 0.140838 -0.409222 -0.901500
vn 0.457276 -0.781184 -0.425030
vn 0.501319 -0.856070 -0.125789
vn 0.215884 -0.370464 -0.903410
vn 0.501319 -0.856066 0.125824
vn 0.145455 -0.898064 0.415119
vn 0.100869 -0.625517 0.773663
vn 0.296855 -0.858006 0.419169
vn 0.205085 -0.595245 0.776932
vn 0.457280 -0.781190 0.425015
vn 0.314332 -0.538908 0.781520
vn -0.030309 0.030536 -0.999074
vn -0.037782 0.024441 -0.998987
vn -0.043899 0.017110 -0.998889
vn -0.047840 0.008799 -0.998816
vn -0.049192 -0.000000 -0.998789
vn -0.047840 -0.008799 -0.998816
vn -0.043898 -0.017110 -0.998890
vn -0.037783 -0.024440 -0.998987
vn -0.030306 -0.030532 -0.999074
vn 0.112816 0.120022 0.986340
vn 0.135948 0.088104 0.986791
vn 0.150235 0.057230 0.986993
vn -0.181302 -0.189879 0.964923
vn -0.220680 -0.142928 0.964817
vn -0.247491 -0.094953 0.964226
vn 0.157791 0.028066 0.987074
vn -0.262842 -0.047256 0.963681
vn 0.160135 -0.000000 0.987095
vn -0.267821 0.000000 0.963469
vn -0.262847 0.047257 0.963680
vn 0.157793 -0.028067 0.987073
vn -0.247493 0.094955 0.964225
vn 0.150234 -0.057231 0.986993
vn -0.220679 0.142929 0.964817
vn -0.181304 0.189881 0.964922
vn 0.135948 -0.088104 0.986791
vn 0.112814 -0.120021 0.986341
vn -0.024838 -0.039571 -0.998908
vn -0.017567 -0.046984 -0.998741
vn -0.009067 -0.051722 -0.998620
vn -0.000000 -0.053334 -0.998577
vn 0.009066 -0.051718 -0.998621
vn 0.017568 -0.046986 -0.998741
vn 0.024840 -0.039574 -0.998908
vn 0.030307 -0.030531 -0.999074
vn -0.112814 0.120019 0.986341
vn -0.082188 0.143257 0.986267
vn -0.053141 0.157367 0.986109
vn 0.181298 -0.189876 0.964924
vn 0.136706 -0.231791 0.963112
vn 0.090872 -0.260352 0.961228
vn -0.026000 0.164762 0.985991
vn 0.045226 -0.276670 0.959900
vn 0.000000 0.167047 0.985949
vn 0.000000 -0.281943 0.959431
vn -0.045226 -0.276660 0.959903
vn 0.025999 0.164758 0.985991
vn -0.090870 -0.260345 0.961230
vn 0.053141 0.157364 0.986110
vn -0.136703 -0.231792 0.963112
vn 0.082189 0.143260 0.986266
vn 0.037783 -0.024440 -0.998987
vn 0.043898 -0.017110 -0.998890
vn 0.047844 -0.008800 -0.998816
vn 0.049195 -0.000000 -0.998789
vn 0.047842 0.008800 -0.998816
vn 0.043901 0.017111 -0.998889
vn 0.037785 0.024440 -0.998987
vn 0.030308 0.030533 -0.999074
vn -0.112812 -0.120019 0.986341
vn -0.135949 -0.088103 0.986791
vn -0.150237 -0.057230 0.986992
vn 0.181303 0.189880 0.964922
vn 0.220677 0.142928 0.964818
vn 0.247495 0.094955 0.964225
vn -0.157796 -0.028066 0.987073
vn 0.262847 0.047257 0.963680
vn -0.160140 -0.000001 0.987094
vn 0.267819 0.000000 0.963469
vn 0.262847 -0.047257 0.963680
vn -0.157794 0.028067 0.987073
vn 0.247497 -0.094956 0.964224
vn -0.150235 0.057231 0.986992
vn 0.220680 -0.142931 0.964817
vn -0.135949 0.088105 0.986791
vn 0.024838 0.039570 -0.998908
vn 0.017567 0.046985 -0.998741
vn 0.009067 0.051723 -0.998620
vn -0.000000 0.053334 -0.998577
vn -0.009066 0.051721 -0.998620
vn -0.017568 0.046985 -0.998741
vn -0.024841 0.039574 -0.998908
vn 0.082186 -0.143257 0.986267
vn 0.053141 -0.157367 0.986109
vn -0.136708 0.231799 0.963110
vn -0.090871 0.260353 0.961228
vn 0.026002 -0.164768 0.985990
vn -0.045226 0.276662 0.959903
vn -0.000001 -0.167059 0.985947
vn -0.000002 0.281934 0.959434
vn 0.045226 0.276662 0.959902
vn -0.026001 -0.164769 0.985989
vn 0.090872 0.260351 0.961228
vn -0.053140 -0.157368 0.986109
vn 0.136708 0.231797 0.963110
vn -0.082185 -0.143257 0.986267
vn 0.608445 0.641061 0.467798
vn 0.741253 0.480203 0.468988
vn 0.525907 0.340676 0.779334
vn 0.432267 0.454814 0.778646
vn 0.680789 0.717453 0.147607
vn 0.830014 0.537706 0.148152
vn 0.825721 0.315958 0.467286
vn 0.923753 0.353427 0.147543
vn 0.587145 0.224806 0.777639
vn 0.680791 0.717455 -0.147589
vn 0.830016 0.537708 -0.148133
vn 0.923755 0.353429 -0.147529
vn 0.973678 0.174332 0.146832
vn 0.871252 0.156021 0.465379
vn 0.973679 0.174332 -0.146826
vn 0.989204 0.000000 0.146546
vn 0.989204 0.000001 -0.146545
vn 0.885512 0.000001 0.464616
vn 0.621025 0.111314 0.775846
vn 0.631799 -0.000002 0.775132
vn 0.871255 -0.156017 0.465374
vn 0.621029 -0.111315 0.775843
vn 0.973678 -0.174334 0.146829
vn 0.825726 -0.315959 0.467275
vn 0.923754 -0.353430 0.147534
vn 0.587152 -0.224808 0.777634
vn 0.973679 -0.174330 -0.146828
vn 0.923756 -0.353425 -0.147532
vn 0.830014 -0.537709 0.148143
vn 0.741255 -0.480209 0.468978
vn 0.830014 -0.537709 -0.148141
vn 0.680790 -0.717453 0.147604
vn 0.680788 -0.717454 -0.147604
vn 0.608450 -0.641066 0.467785
vn 0.525913 -0.340684 0.779326
vn 0.432269 -0.454817 0.778643
vn 0.885513 -0.000001 -0.464615
vn 0.871252 -0.156017 -0.465380
vn 0.825722 -0.315957 -0.467284
vn 0.631805 0.000000 -0.775127
vn 0.621028 -0.111314 -0.775844
vn 0.587145 -0.224807 -0.777639
vn 0.741254 -0.480207 -0.468982
vn 0.525908 -0.340680 -0.779332
vn 0.608448 -0.641064 -0.467791
vn 0.432265 -0.454813 -0.778647
vn 0.608450 0.641066 -0.467785
vn 0.741256 0.480203 -0.468983
vn 0.825721 0.315958 -0.467285
vn 0.432265 0.454814 -0.778647
vn 0.525899 0.340676 -0.779339
vn 0.587144 0.224808 -0.777640
vn 0.871253 0.156021 -0.465377
vn 0.621033 0.111316 -0.775840
vn 0.447547 -0.766737 0.460235
vn 0.321079 -0.548776 0.771851
vn 0.498649 -0.854636 0.144727
vn 0.290688 -0.843031 0.452547
vn 0.322552 -0.935869 0.141809
vn 0.210532 -0.608885 0.764811
vn 0.498647 -0.854636 -0.144739
vn 0.322551 -0.935867 -0.141825
vn 0.157683 -0.977534 0.139871
vn 0.142489 -0.882932 0.447356
vn 0.157683 -0.977531 -0.139889
vn 0.000003 -0.990260 0.139233
vn 0.000001 -0.990261 -0.139221
vn -0.000000 -0.895252 0.445559
vn 0.103848 -0.641631 0.759951
vn -0.000001 -0.651956 0.758257
vn -0.142492 -0.882954 0.447313
vn -0.103849 -0.641621 0.759959
vn -0.157678 -0.977533 0.139880
vn -0.290694 -0.843048 0.452512
vn -0.322554 -0.935868 0.141808
vn -0.210527 -0.608878 0.764817
vn -0.157681 -0.977537 -0.139853
vn -0.322554 -0.935872 -0.141786
vn -0.498645 -0.854641 0.144713
vn -0.447541 -0.766741 0.460235
vn -0.498645 -0.854643 -0.144701
vn -0.680790 -0.717458 0.147577
vn -0.680789 -0.717459 -0.147579
vn -0.608451 -0.641067 0.467783
vn -0.321070 -0.548773 0.771856
vn -0.432267 -0.454812 0.778647
vn 0.000001 -0.895249 -0.445566
vn -0.142490 -0.882931 -0.447359
vn -0.290691 -0.843033 -0.452541
vn 0.000001 -0.651955 -0.758258
vn -0.103846 -0.641632 -0.759950
vn -0.210529 -0.608885 -0.764812
vn -0.447543 -0.766746 -0.460223
vn -0.321076 -0.548774 -0.771853
vn -0.608458 -0.641071 -0.467767
vn -0.432268 -0.454814 -0.778646
vn 0.447546 -0.766739 -0.460234
vn 0.290687 -0.843030 -0.452550
vn 0.321080 -0.548780 -0.771847
vn 0.210528 -0.608877 -0.764819
vn 0.142489 -0.882935 -0.447350
vn 0.103845 -0.641618 -0.759963
vn -0.741266 -0.480209 0.468960
vn -0.525911 -0.340679 0.779330
vn -0.830015 -0.537708 0.148138
vn -0.825728 -0.315960 0.467271
vn -0.923755 -0.353426 0.147534
vn -0.587147 -0.224805 0.777638
vn -0.830019 -0.537704 -0.148131
vn -0.923756 -0.353427 -0.147530
vn -0.973679 -0.174331 0.146827
vn -0.871256 -0.156021 0.465371
vn -0.973679 -0.174331 -0.146825
vn -0.989204 0.000003 0.146544
vn -0.989205 -0.000002 -0.146541
vn -0.885512 -0.000002 0.464617
vn -0.621029 -0.111312 0.775843
vn -0.631796 0.000002 0.775135
vn -0.871251 0.156020 0.465382
vn -0.621026 0.111315 0.775845
vn -0.973679 0.174332 0.146828
vn -0.825718 0.315959 0.467291
vn -0.923754 0.353428 0.147539
vn -0.587148 0.224806 0.777637
vn -0.973679 0.174332 -0.146825
vn -0.923755 0.353429 -0.147531
vn -0.830015 0.537709 0.148135
vn -0.741254 0.480205 0.468983
vn -0.830016 0.537707 -0.148135
vn -0.680790 0.717456 0.147586
vn -0.680791 0.717453 -0.147600
vn -0.608448 0.641066 0.467787
vn -0.525904 0.340676 0.779336
vn -0.432264 0.454809 0.778651
vn -0.885514 0.000002 -0.464613
vn -0.871254 0.156020 -0.465374
vn -0.825721 0.315956 -0.467286
vn -0.631799 -0.000002 -0.775132
vn -0.621028 0.111314 -0.775844
vn -0.587142 0.224805 -0.777642
vn -0.741255 0.480203 -0.468985
vn -0.525905 0.340676 -0.779336
vn -0.608451 0.641061 -0.467791
vn -0.432273 0.454816 -0.778641
vn -0.741262 -0.480206 -0.468970
vn -0.825721 -0.315956 -0.467286
vn -0.525912 -0.340681 -0.779328
vn -0.587146 -0.224806 -0.777638
vn -0.871253 -0.156021 -0.465377
vn -0.621029 -0.111312 -0.775843
vn -0.447543 0.766732 0.460247
vn -0.321075 0.548770 0.771857
vn -0.498652 0.854638 0.144708
vn -0.290691 0.843028 0.452552
vn -0.322559 0.935868 0.141796
vn -0.210531 0.608875 0.764819
vn -0.498651 0.854633 -0.144742
vn -0.322557 0.935864 -0.141828
vn -0.157688 0.977536 0.139849
vn -0.142493 0.882940 0.447339
vn -0.157688 0.977534 -0.139868
vn -0.000000 0.990265 0.139192
vn 0.000002 0.990264 -0.139200
vn -0.000000 0.895259 0.445546
vn -0.103848 0.641625 0.759956
vn -0.000000 0.651956 0.758257
vn 0.142494 0.882940 0.447340
vn 0.103847 0.641621 0.759959
vn 0.157689 0.977533 0.139873
vn 0.290688 0.843027 0.452555
vn 0.322557 0.935865 0.141822
vn 0.210527 0.608876 0.764819
vn 0.157690 0.977533 -0.139871
vn 0.322556 0.935864 -0.141830
vn 0.498650 0.854635 0.144734
vn 0.447540 0.766730 0.460254
vn 0.498651 0.854634 -0.144733
vn 0.321077 0.548778 0.771850
vn 0.000001 0.895265 -0.445533
vn 0.142495 0.882941 -0.447338
vn 0.290693 0.843036 -0.452535
vn -0.000000 0.651956 -0.758257
vn 0.103848 0.641628 -0.759953
vn 0.210532 0.608886 -0.764810
vn 0.447548 0.766741 -0.460228
vn 0.321079 0.548779 -0.771848
vn -0.447543 0.766737 -0.460239
vn -0.290692 0.843037 -0.452534
vn -0.321083 0.548785 -0.771843
vn -0.210531 0.608886 -0.764810
vn -0.142495 0.882950 -0.447319
vn -0.103848 0.641624 -0.759957
vn -0.756626 -0.490132 0.432767
vn -0.621939 -0.654209 0.430351
vn -0.425960 -0.448985 0.785475
vn -0.516638 -0.334696 0.788076
vn -0.842074 -0.322451 0.432363
vn -0.574790 -0.219897 0.788201
vn -0.926133 -0.354680 0.128369
vn -0.832324 -0.539163 0.128607
vn -0.683443 -0.718721 0.127854
vn -0.888028 -0.159199 0.431350
vn -0.606482 -0.108573 0.787649
vn -0.902400 -0.000000 0.430899
vn -0.616477 0.000000 0.787373
vn -0.991805 0.000001 0.127761
vn -0.976213 -0.175036 0.127944
vn -0.991805 -0.000002 -0.127763
vn -0.976213 -0.175038 -0.127946
vn -0.926133 -0.354681 -0.128374
vn -0.832325 -0.539161 -0.128608
vn -0.683446 -0.718722 -0.127832
vn -0.842074 -0.322451 -0.432363
vn -0.756628 -0.490132 -0.432764
vn -0.621939 -0.654205 -0.430359
vn -0.902400 0.000001 -0.430899
vn -0.888027 -0.159199 -0.431350
vn -0.420482 0.000000 -0.907301
vn -0.413819 -0.074055 -0.907342
vn -0.392688 -0.150193 -0.907325
vn -0.353833 -0.229230 -0.906783
vn -0.292932 -0.308933 -0.904849
vn -0.976213 0.175037 -0.127944
vn -0.976214 0.175036 0.127941
vn -0.926135 0.354681 -0.128361
vn -0.926135 0.354679 0.128361
vn -0.842079 0.322454 -0.432349
vn -0.888030 0.159198 -0.431346
vn -0.832324 0.539165 -0.128597
vn -0.832325 0.539166 0.128591
vn -0.683447 0.718719 -0.127838
vn -0.683444 0.718723 0.127832
vn -0.621949 0.654218 -0.430323
vn -0.756638 0.490142 -0.432735
vn -0.292939 0.308942 -0.904844
vn -0.353830 0.229230 -0.906784
vn -0.392687 0.150194 -0.907325
vn -0.413820 0.074057 -0.907342
vn -0.888029 0.159199 0.431346
vn -0.606481 0.108573 0.787650
vn -0.842077 0.322455 0.432352
vn -0.574787 0.219896 0.788204
vn -0.756631 0.490140 0.432750
vn -0.516629 0.334694 0.788083
vn -0.621948 0.654214 0.430331
vn -0.425958 0.448986 0.785475
vn -0.457286 0.781198 0.424993
vn -0.314337 0.538912 0.781515
vn -0.296859 0.858019 0.419139
vn -0.205085 0.595244 0.776933
vn -0.324593 0.937743 0.123604
vn -0.501321 0.856068 0.125793
vn -0.145458 0.898086 0.415071
vn -0.100866 0.625502 0.773675
vn 0.000002 0.910437 0.413648
vn 0.000000 0.634991 0.772519
vn 0.000001 0.992578 0.121612
vn -0.158758 0.979737 0.122114
vn 0.000000 0.992578 -0.121614
vn -0.158757 0.979737 -0.122114
vn -0.324592 0.937744 -0.123595
vn -0.501321 0.856069 -0.125790
vn -0.296857 0.858020 -0.419138
vn -0.457283 0.781194 -0.425003
vn -0.000000 0.910433 -0.413656
vn -0.145458 0.898085 -0.415072
vn -0.000000 0.436749 -0.899583
vn -0.069287 0.430167 -0.900087
vn -0.140839 0.409224 -0.901499
vn -0.215886 0.370473 -0.903407
vn 0.158756 0.979737 -0.122117
vn 0.158756 0.979735 0.122130
vn 0.324592 0.937745 -0.123592
vn 0.324593 0.937743 0.123605
vn 0.296858 0.858017 -0.419145
vn 0.145457 0.898084 -0.415075
vn 0.501323 0.856070 -0.125775
vn 0.501322 0.856069 0.125790
vn 0.683449 0.718722 -0.127816
vn 0.683443 0.718724 0.127830
vn 0.621953 0.654225 -0.430308
vn 0.457286 0.781199 -0.424991
vn 0.292935 0.308935 -0.904847
vn 0.215884 0.370469 -0.903409
vn 0.140840 0.409221 -0.901500
vn 0.069287 0.430164 -0.900088
vn 0.145458 0.898086 0.415070
vn 0.100867 0.625510 0.773669
vn 0.296860 0.858024 0.419130
vn 0.205083 0.595237 0.776939
vn 0.457288 0.781201 0.424986
vn 0.314334 0.538912 0.781517
vn 0.621954 0.654216 0.430320
vn 0.425957 0.448989 0.785474
vn 0.756636 0.490139 0.432743
vn 0.516632 0.334693 0.788081
vn 0.842079 0.322451 0.432353
vn 0.574790 0.219897 0.788202
vn 0.926134 0.354681 0.128360
vn 0.832324 0.539167 0.128587
vn 0.888029 0.159199 0.431347
vn 0.606482 0.108573 0.787650
vn 0.902400 0.000001 0.430900
vn 0.616474 -0.000000 0.787376
vn 0.991805 -0.000002 0.127763
vn 0.976213 0.175037 0.127946
vn 0.991805 0.000001 -0.127761
vn 0.976213 0.175038 -0.127941
vn 0.926135 0.354681 -0.128361
vn 0.832325 0.539166 -0.128590
vn 0.842081 0.322452 -0.432347
vn 0.756641 0.490141 -0.432731
vn 0.902401 0.000000 -0.430897
vn 0.888030 0.159197 -0.431346
vn 0.420481 0.000000 -0.907301
vn 0.413819 0.074056 -0.907342
vn 0.392691 0.150194 -0.907323
vn 0.353829 0.229229 -0.906785
vn 0.976212 -0.175040 -0.127949
vn 0.976213 -0.175038 0.127945
vn 0.926133 -0.354680 -0.128374
vn 0.926133 -0.354683 0.128367
vn 0.842075 -0.322453 -0.432358
vn 0.888030 -0.159196 -0.431346
vn 0.832325 -0.539161 -0.128613
vn 0.832325 -0.539164 0.128599
vn 0.683443 -0.718719 -0.127859
vn 0.683445 -0.718723 0.127829
vn 0.621947 -0.654211 -0.430336
vn 0.756630 -0.490134 -0.432757
vn 0.292941 -0.308939 -0.904844
vn 0.353832 -0.229230 -0.906783
vn 0.392691 -0.150194 -0.907324
vn 0.413826 -0.074057 -0.907339
vn 0.888026 -0.159197 0.431353
vn 0.606477 -0.108573 0.787653
vn 0.842074 -0.322450 0.432363
vn 0.574790 -0.219897 0.788202
vn 0.756629 -0.490132 0.432762
vn 0.516640 -0.334695 0.788075
vn 0.621939 -0.654207 0.430353
vn 0.425958 -0.448982 0.785478
vn 0.457279 -0.781184 0.425027
vn 0.314331 -0.538901 0.781525
vn 0.296853 -0.858006 0.419170
vn 0.205083 -0.595231 0.776943
vn 0.324590 -0.937744 0.123605
vn 0.501319 -0.856071 0.125786
vn 0.145451 -0.898067 0.415113
vn 0.100864 -0.625508 0.773670
vn -0.000001 -0.910414 0.413698
vn -0.000001 -0.634995 0.772516
vn -0.000000 -0.992577 0.121617
vn 0.158755 -0.979735 0.122129
vn 0.000000 -0.992578 -0.121612
vn 0.158756 -0.979734 -0.122138
vn 0.324589 -0.937740 -0.123637
vn 0.501317 -0.856066 -0.125824
vn 0.296852 -0.858000 -0.419183
vn 0.457278 -0.781189 -0.425018
vn 0.000001 -0.910414 -0.413699
vn 0.145455 -0.898064 -0.415119
vn 0.000001 -0.436745 -0.899585
vn 0.069289 -0.430168 -0.900086
vn 0.140843 -0.409231 -0.901495
vn 0.215889 -0.370476 -0.903404
vn -0.158754 -0.979735 -0.122135
vn -0.158755 -0.979735 0.122135
vn -0.324590 -0.937740 -0.123628
vn -0.324593 -0.937739 0.123635
vn -0.296851 -0.858006 -0.419171
vn -0.145452 -0.898068 -0.415111
vn -0.501320 -0.856069 -0.125796
vn -0.501319 -0.856066 0.125821
vn -0.457274 -0.781184 -0.425032
vn -0.215883 -0.370466 -0.903410
vn -0.140840 -0.409223 -0.901499
vn -0.069286 -0.430162 -0.900089
vn -0.145454 -0.898068 0.415111
vn -0.100868 -0.625516 0.773663
vn -0.296853 -0.858000 0.419184
vn -0.205090 -0.595257 0.776922
vn -0.457276 -0.781181 0.425035
vn -0.314340 -0.538915 0.781512
vn 0.043901 0.017111 -0.998889
vn 0.037784 0.024441 -0.998987
vn 0.030309 0.030533 -0.999074
vn 0.049199 0.000000 -0.998789
vn 0.047845 0.008799 -0.998816
vn 0.047847 -0.008800 -0.998816
vn 0.043899 -0.017110 -0.998889
vn 0.037786 -0.024442 -0.998987
vn 0.030312 -0.030536 -0.999074
vn -0.150236 0.057230 0.986992
vn -0.135953 0.088104 0.986790
vn -0.112816 0.120019 0.986341
vn -0.160133 -0.000000 0.987095
vn -0.157789 0.028066 0.987074
vn 0.267820 0.000001 0.963469
vn 0.262840 -0.047256 0.963682
vn 0.247487 -0.094954 0.964227
vn 0.220676 -0.142930 0.964818
vn 0.181294 -0.189875 0.964925
vn 0.262849 0.047257 0.963679
vn -0.157792 -0.028066 0.987073
vn 0.247493 0.094956 0.964225
vn -0.150238 -0.057231 0.986992
vn 0.220676 0.142928 0.964818
vn -0.135955 -0.088107 0.986789
vn 0.181305 0.189882 0.964922
vn -0.112818 -0.120027 0.986340
vn 0.017567 -0.046984 -0.998741
vn 0.024840 -0.039574 -0.998908
vn -0.000000 -0.053331 -0.998577
vn 0.009066 -0.051715 -0.998621
vn -0.009066 -0.051722 -0.998620
vn -0.017567 -0.046985 -0.998741
vn -0.024838 -0.039571 -0.998908
vn -0.030308 -0.030532 -0.999074
vn 0.053142 0.157365 0.986110
vn 0.082186 0.143260 0.986267
vn 0.112814 0.120019 0.986341
vn -0.000000 0.167045 0.985949
vn 0.026000 0.164760 0.985991
vn 0.000001 -0.281939 0.959432
vn -0.045224 -0.276652 0.959906
vn -0.090866 -0.260344 0.961231
vn -0.136702 -0.231794 0.963112
vn -0.181299 -0.189878 0.964923
vn 0.045227 -0.276668 0.959901
vn -0.026000 0.164761 0.985991
vn 0.090870 -0.260350 0.961229
vn -0.053142 0.157365 0.986110
vn 0.136701 -0.231789 0.963113
vn -0.082188 0.143257 0.986267
vn -0.043898 -0.017110 -0.998890
vn -0.037783 -0.024441 -0.998987
vn -0.049195 0.000000 -0.998789
vn -0.047844 -0.008800 -0.998816
vn -0.047843 0.008800 -0.998816
vn -0.043900 0.017110 -0.998889
vn -0.037785 0.024440 -0.998987
vn -0.030311 0.030533 -0.999074
vn 0.150239 -0.057231 0.986992
vn 0.135956 -0.088106 0.986789
vn 0.112817 -0.120024 0.986340
vn 0.160142 0.000001 0.987094
vn 0.157795 -0.028066 0.987073
vn -0.267813 0.000000 0.963471
vn -0.262840 0.047255 0.963682
vn -0.247486 0.094952 0.964228
vn -0.220669 0.142924 0.964820
vn -0.181298 0.189874 0.964924
vn -0.262836 -0.047256 0.963683
vn 0.157794 0.028066 0.987073
vn -0.247486 -0.094952 0.964228
vn 0.150233 0.057230 0.986993
vn -0.220672 -0.142928 0.964819
vn 0.135949 0.088104 0.986791
vn -0.017568 0.046988 -0.998741
vn -0.024841 0.039573 -0.998908
vn 0.000000 0.053335 -0.998577
vn -0.009067 0.051724 -0.998620
vn 0.009067 0.051722 -0.998620
vn 0.017568 0.046988 -0.998741
vn 0.024840 0.039572 -0.998908
vn -0.053143 -0.157372 0.986109
vn -0.082191 -0.143265 0.986266
vn -0.000001 -0.167052 0.985948
vn -0.026001 -0.164768 0.985990
vn 0.000000 0.281933 0.959434
vn 0.045225 0.276659 0.959903
vn 0.090869 0.260349 0.961229
vn 0.136708 0.231800 0.963110
vn -0.045225 0.276655 0.959904
vn 0.026000 -0.164762 0.985991
vn -0.090871 0.260346 0.961230
vn 0.053141 -0.157362 0.986110
vn -0.136705 0.231792 0.963112
vn 0.082187 -0.143258 0.986267
vn -0.000001 0.622235 0.782831
vn 0.000001 0.622238 0.782828
vn 0.000001 0.905660 0.424005
vn -0.000001 0.905661 0.424003
vn 0.000000 0.905663 0.423999
vn 0.000000 0.622228 0.782836
vn -0.000000 1.000000 -0.000000
vn 0.000000 1.000000 0.000000
vn 0.000000 1.000000 -0.000000
vn 0.000001 0.905662 0.424000
vn 0.000000 1.000000 0.000000
vn 0.000000 1.000000 -0.000000
vn -0.000001 0.905662 0.424001
vn 0.000001 0.622233 0.782832
vn -0.000001 0.622237 0.782829
vn -0.000001 0.905660 -0.424004
vn -0.000000 0.905662 -0.424001
vn 0.000000 0.905664 -0.423997
vn -0.000000 0.622243 -0.782824
vn 0.000000 0.622237 -0.782829
vn 0.000000 0.622229 -0.782835
vn 0.000000 0.905662 -0.424001
vn 0.000000 0.622236 -0.782830
vn 0.000001 0.622242 -0.782825
vn 0.000001 0.905660 -0.424005
vn 0.000001 -0.622239 0.782827
vn -0.000001 -0.622238 0.782828
vn -0.000001 -0.905679 0.423965
vn 0.000002 -0.905679 0.423963
vn -0.000000 -0.905680 0.423961
vn 0.000000 -0.622241 0.782826
vn 0.000000 -1.000000 -0.000000
vn 0.000002 -1.000000 0.000000
vn 0.000000 -1.000000 -0.000000
vn -0.000002 -0.905674 0.423974
vn -0.000002 -1.000000 0.000000
vn -0.000000 -1.000000 -0.000000
vn 0.000001 -0.905670 0.423984
vn -0.000001 -0.622237 0.782829
vn 0.000001 -0.622235 0.782830
vn 0.000001 -0.905677 -0.423969
vn 0.000002 -0.905679 -0.423965
vn 0.000000 -0.905681 -0.423960
vn 0.000001 -0.622245 -0.782823
vn 0.000001 -0.622244 -0.782823
vn -0.000000 -0.622243 -0.782824
vn -0.000002 -0.905675 -0.423973
vn -0.000000 -0.622242 -0.782825
vn -0.000000 -0.622242 -0.782825
vn -0.000001 -0.905670 -0.423984
vn 0.000001 0.000000 -1.000000
vn 0.000001 0.000000 -1.000000
vn 0.000001 -0.283621 -0.958936
vn 0.000001 -0.283618 -0.958937
vn 0.000000 -0.283615 -0.958938
vn 0.000000 0.000000 -1.000000
vn -0.000000 -0.283616 -0.958938
vn 0.000001 -0.283617 -0.958938
vn 0.000000 -0.000001 -1.000000
vn 0.000000 -0.000001 -1.000000
vn 0.000001 0.283616 -0.958938
vn 0.000001 0.283616 -0.958938
vn 0.000000 0.283617 -0.958938
vn 0.000000 0.283619 -0.958937
vn 0.000001 0.283620 -0.958937
vn 0.000000 -0.000001 1.000000
vn 0.000000 0.000000 1.000000
vn -0.000001 -0.283608 0.958940
vn 0.000000 -0.283608 0.958940
vn -0.000000 -0.283609 0.958940
vn 0.000000 -0.000002 1.000000
vn -0.000000 -0.283613 0.958939
vn 0.000000 -0.283616 0.958938
vn 0.000000 0.000000 1.000000
vn 0.000000 0.000001 1.000000
vn -0.000001 0.283608 0.958940
vn 0.000000 0.283610 0.958940
vn -0.000000 0.283615 0.958938
vn -0.000001 0.283612 0.958939
vn 0.000000 0.283608 0.958940
s 1
g SM_glasses_01
usemtl initialShadingGroup
f 561/52/1 299/533/2 455/689/3 711/202/4
f 298/532/5 561/52/1 711/202/4 454/688/6
f 561/52/1 298/532/5 302/536/7 564/55/8
f 299/533/2 561/52/1 564/55/8 303/537/9
f 562/53/10 298/532/5 454/688/6 710/201/11
f 300/534/12 562/53/10 710/201/11 451/685/13
f 562/53/10 300/534/12 301/535/14 563/54/15
f 298/532/5 562/53/10 563/54/15 302/536/7
f 563/54/15 301/535/14 309/543/16 574/65/17
f 302/536/7 563/54/15 574/65/17 314/548/18
f 564/55/8 302/536/7 314/548/18 573/64/19
f 303/537/9 564/55/8 573/64/19 315/549/20
f 565/56/21 300/534/12 451/685/13 707/198/22
f 304/538/23 565/56/21 707/198/22 450/684/24
f 565/56/21 304/538/23 307/541/25 568/59/26
f 301/535/14 300/534/12 565/56/21 568/59/26
f 566/57/27 304/538/23 450/684/24 706/197/28
f 305/539/29 566/57/27 706/197/28 449/683/30
f 566/57/27 305/539/29 306/540/31 567/58/32
f 304/538/23 566/57/27 567/58/32 307/541/25
f 567/58/32 306/540/31 310/544/33 570/61/34
f 307/541/25 567/58/32 570/61/34 308/542/35
f 568/59/26 307/541/25 308/542/35 569/60/36
f 301/535/14 568/59/26 569/60/36 309/543/16
f 569/60/36 308/542/35 312/546/37 572/63/38
f 309/543/16 569/60/36 572/63/38 313/547/39
f 570/61/34 310/544/33 311/545/40 571/62/41
f 308/542/35 570/61/34 571/62/41 312/546/37
f 571/62/41 311/545/40 437/671/42 697/188/43
f 312/546/37 571/62/41 697/188/43 436/670/44
f 572/63/38 312/546/37 436/670/44 696/187/45
f 313/547/39 572/63/38 696/187/45 433/667/46
f 573/64/19 314/548/18 316/550/47 576/67/48
f 315/549/20 573/64/19 576/67/48 317/551/49
f 574/65/17 309/543/16 313/547/39 575/66/50
f 314/548/18 574/65/17 575/66/50 316/550/47
f 575/66/50 313/547/39 433/667/46 693/184/51
f 316/550/47 575/66/50 693/184/51 432/666/52
f 576/67/48 316/550/47 432/666/52 692/183/53
f 317/551/49 576/67/48 692/183/53 431/665/54
f 577/68/55 305/539/29 449/683/30 739/230/56
f 318/552/57 577/68/55 739/230/56 486/720/58
f 577/68/55 318/552/57 321/555/59 580/71/60
f 306/540/31 305/539/29 577/68/55 580/71/60
f 578/69/61 318/552/57 486/720/58 738/229/62
f 319/553/63 578/69/61 738/229/62 483/717/64
f 578/69/61 319/553/63 320/554/65 579/70/66
f 318/552/57 578/69/61 579/70/66 321/555/59
f 579/70/66 320/554/65 327/561/67 590/81/68
f 321/555/59 579/70/66 590/81/68 332/566/69
f 580/71/60 321/555/59 332/566/69 589/80/70
f 310/544/33 306/540/31 580/71/60 589/80/70
f 581/72/71 319/553/63 483/717/64 735/226/72
f 322/556/73 581/72/71 735/226/72 482/716/74
f 581/72/71 322/556/73 325/559/75 584/75/76
f 320/554/65 319/553/63 581/72/71 584/75/76
f 582/73/77 322/556/73 482/716/74 734/225/78
f 323/557/79 582/73/77 734/225/78 481/715/80
f 582/73/77 323/557/79 324/558/81 583/74/82
f 322/556/73 582/73/77 583/74/82 325/559/75
f 583/74/82 324/558/81 328/562/83 586/77/84
f 325/559/75 583/74/82 586/77/84 326/560/85
f 584/75/76 325/559/75 326/560/85 585/76/86
f 320/554/65 584/75/76 585/76/86 327/561/67
f 585/76/86 326/560/85 330/564/87 588/79/88
f 327/561/67 585/76/86 588/79/88 331/565/89
f 586/77/84 328/562/83 329/563/90 587/78/91
f 326/560/85 586/77/84 587/78/91 330/564/87
f 587/78/91 329/563/90 469/703/92 725/216/93
f 330/564/87 587/78/91 725/216/93 468/702/94
f 588/79/88 330/564/87 468/702/94 724/215/95
f 331/565/89 588/79/88 724/215/95 465/699/96
f 589/80/70 332/566/69 333/567/97 592/83/98
f 311/545/40 310/544/33 589/80/70 592/83/98
f 590/81/68 327/561/67 331/565/89 591/82/99
f 332/566/69 590/81/68 591/82/99 333/567/97
f 591/82/99 331/565/89 465/699/96 721/212/100
f 333/567/97 591/82/99 721/212/100 464/698/101
f 592/83/98 333/567/97 464/698/101 720/211/102
f 311/545/40 592/83/98 720/211/102 437/671/42
f 593/84/103 323/557/79 481/715/80 767/258/104
f 334/568/105 593/84/103 767/258/104 514/748/106
f 593/84/103 334/568/105 337/571/107 596/87/108
f 324/558/81 323/557/79 593/84/103 596/87/108
f 594/85/109 334/568/105 514/748/106 766/257/110
f 335/569/111 594/85/109 766/257/110 511/745/112
f 594/85/109 335/569/111 336/570/113 595/86/114
f 334/568/105 594/85/109 595/86/114 337/571/107
f 595/86/114 336/570/113 343/577/115 606/97/116
f 337/571/107 595/86/114 606/97/116 348/582/117
f 596/87/108 337/571/107 348/582/117 605/96/118
f 328/562/83 324/558/81 596/87/108 605/96/118
f 597/88/119 335/569/111 511/745/112 763/254/120
f 338/572/121 597/88/119 763/254/120 510/744/122
f 597/88/119 338/572/121 341/575/123 600/91/124
f 336/570/113 335/569/111 597/88/119 600/91/124
f 598/89/125 338/572/121 510/744/122 762/253/126
f 339/573/127 598/89/125 762/253/126 509/743/128
f 598/89/125 339/573/127 340/574/129 599/90/130
f 338/572/121 598/89/125 599/90/130 341/575/123
f 599/90/130 340/574/129 344/578/131 602/93/132
f 341/575/123 599/90/130 602/93/132 342/576/133
f 600/91/124 341/575/123 342/576/133 601/92/134
f 336/570/113 600/91/124 601/92/134 343/577/115
f 601/92/134 342/576/133 346/580/135 604/95/136
f 343/577/115 601/92/134 604/95/136 347/581/137
f 602/93/132 344/578/131 345/579/138 603/94/139
f 342/576/133 602/93/132 603/94/139 346/580/135
f 603/94/139 345/579/138 497/731/140 753/244/141
f 346/580/135 603/94/139 753/244/141 496/730/142
f 604/95/136 346/580/135 496/730/142 752/243/143
f 347/581/137 604/95/136 752/243/143 493/727/144
f 605/96/118 348/582/117 349/583/145 608/99/146
f 329/563/90 328/562/83 605/96/118 608/99/146
f 606/97/116 343/577/115 347/581/137 607/98/147
f 348/582/117 606/97/116 607/98/147 349/583/145
f 607/98/147 347/581/137 493/727/144 749/240/148
f 349/583/145 607/98/147 749/240/148 492/726/149
f 608/99/146 349/583/145 492/726/149 748/239/150
f 329/563/90 608/99/146 748/239/150 469/703/92
f 609/100/151 339/573/127 509/743/128 795/286/152
f 350/584/153 609/100/151 795/286/152 535/769/154
f 609/100/151 350/584/153 353/587/155 612/103/156
f 340/574/129 339/573/127 609/100/151 612/103/156
f 610/101/157 350/584/153 535/769/154 794/285/158
f 351/585/159 610/101/157 794/285/158 532/766/160
f 610/101/157 351/585/159 352/586/161 611/102/162
f 350/584/153 610/101/157 611/102/162 353/587/155
f 611/102/162 352/586/161 357/591/163 622/113/164
f 353/587/155 611/102/162 622/113/164 360/594/165
f 612/103/156 353/587/155 360/594/165 621/112/166
f 344/578/131 340/574/129 612/103/156 621/112/166
f 613/104/167 351/585/159 532/766/160 791/282/168
f 354/588/169 613/104/167 791/282/168 531/765/170
f 613/104/167 354/588/169 355/589/171 616/107/172
f 352/586/161 351/585/159 613/104/167 616/107/172
f 614/105/173 354/588/169 531/765/170 790/281/174
f 299/533/2 614/105/173 790/281/174 455/689/3
f 614/105/173 299/533/2 303/537/9 615/106/175
f 354/588/169 614/105/173 615/106/175 355/589/171
f 615/106/175 303/537/9 315/549/20 618/109/176
f 355/589/171 615/106/175 618/109/176 356/590/177
f 616/107/172 355/589/171 356/590/177 617/108/178
f 352/586/161 616/107/172 617/108/178 357/591/163
f 617/108/178 356/590/177 358/592/179 620/111/180
f 357/591/163 617/108/178 620/111/180 359/593/181
f 618/109/176 315/549/20 317/551/49 619/110/182
f 356/590/177 618/109/176 619/110/182 358/592/179
f 619/110/182 317/551/49 431/665/54 781/272/183
f 358/592/179 619/110/182 781/272/183 524/758/184
f 620/111/180 358/592/179 524/758/184 780/271/185
f 359/593/181 620/111/180 780/271/185 521/755/186
f 621/112/166 360/594/165 361/595/187 624/115/188
f 345/579/138 344/578/131 621/112/166 624/115/188
f 622/113/164 357/591/163 359/593/181 623/114/189
f 360/594/165 622/113/164 623/114/189 361/595/187
f 623/114/189 359/593/181 521/755/186 777/268/190
f 361/595/187 623/114/189 777/268/190 520/754/191
f 624/115/188 361/595/187 520/754/191 776/267/192
f 345/579/138 624/115/188 776/267/192 497/731/140
f 362/596/193 625/116/194 716/207/195 460/694/196
f 625/116/194 362/596/193 364/598/197 626/117/198
f 363/597/199 625/116/194 626/117/198 365/599/200
f 625/116/194 363/597/199 457/691/201 716/207/195
f 626/117/198 364/598/197 368/602/202 629/120/203
f 365/599/200 626/117/198 629/120/203 369/603/204
f 363/597/199 365/599/200 627/118/205 628/119/206
f 627/118/205 365/599/200 369/603/204 632/123/207
f 366/600/208 627/118/205 632/123/207 373/607/209
f 627/118/205 366/600/208 367/601/210 628/119/206
f 363/597/199 628/119/206 713/204/211 457/691/201
f 628/119/206 367/601/210 446/680/212 713/204/211
f 629/120/203 368/602/202 370/604/213 630/121/214
f 369/603/204 629/120/203 630/121/214 371/605/215
f 630/121/214 370/604/213 426/660/216 689/180/217
f 371/605/215 630/121/214 689/180/217 427/661/218
f 369/603/204 371/605/215 631/122/219 632/123/207
f 631/122/219 371/605/215 427/661/218 690/181/220
f 372/606/221 631/122/219 690/181/220 428/662/222
f 631/122/219 372/606/221 373/607/209 632/123/207
f 366/600/208 373/607/209 633/124/223 638/129/224
f 633/124/223 373/607/209 372/606/221 634/125/225
f 374/608/226 633/124/223 634/125/225 375/609/227
f 633/124/223 374/608/226 379/613/228 638/129/224
f 634/125/225 372/606/221 428/662/222 699/190/229
f 375/609/227 634/125/225 699/190/229 439/673/230
f 374/608/226 375/609/227 635/126/231 636/127/232
f 635/126/231 375/609/227 439/673/230 700/191/233
f 376/610/234 635/126/231 700/191/233 440/674/235
f 635/126/231 376/610/234 377/611/236 636/127/232
f 374/608/226 636/127/232 639/130/237 379/613/228
f 636/127/232 377/611/236 380/614/238 639/130/237
f 367/601/210 637/128/239 704/195/240 446/680/212
f 637/128/239 367/601/210 366/600/208 638/129/224
f 378/612/241 637/128/239 638/129/224 379/613/228
f 637/128/239 378/612/241 442/676/242 704/195/240
f 378/612/241 379/613/228 639/130/237 640/131/243
f 639/130/237 380/614/238 381/615/244 640/131/243
f 378/612/241 640/131/243 701/192/245 442/676/242
f 640/131/243 381/615/244 441/675/246 701/192/245
f 381/615/244 641/132/247 744/235/248 441/675/246
f 641/132/247 381/615/244 380/614/238 642/133/249
f 382/616/250 641/132/247 642/133/249 383/617/251
f 641/132/247 382/616/250 487/721/252 744/235/248
f 642/133/249 380/614/238 377/611/236 645/136/253
f 383/617/251 642/133/249 645/136/253 386/620/254
f 382/616/250 383/617/251 643/134/255 644/135/256
f 643/134/255 383/617/251 386/620/254 648/139/257
f 384/618/258 643/134/255 648/139/257 389/623/259
f 643/134/255 384/618/258 385/619/260 644/135/256
f 382/616/250 644/135/256 741/232/261 487/721/252
f 644/135/256 385/619/260 478/712/262 741/232/261
f 645/136/253 377/611/236 376/610/234 646/137/263
f 386/620/254 645/136/253 646/137/263 387/621/264
f 646/137/263 376/610/234 440/674/235 717/208/265
f 387/621/264 646/137/263 717/208/265 461/695/266
f 386/620/254 387/621/264 647/138/267 648/139/257
f 647/138/267 387/621/264 461/695/266 718/209/268
f 388/622/269 647/138/267 718/209/268 462/696/270
f 647/138/267 388/622/269 389/623/259 648/139/257
f 384/618/258 389/623/259 649/140/271 654/145/272
f 649/140/271 389/623/259 388/622/269 650/141/273
f 390/624/274 649/140/271 650/141/273 391/625/275
f 649/140/271 390/624/274 395/629/276 654/145/272
f 650/141/273 388/622/269 462/696/270 727/218/277
f 391/625/275 650/141/273 727/218/277 471/705/278
f 390/624/274 391/625/275 651/142/279 652/143/280
f 651/142/279 391/625/275 471/705/278 728/219/281
f 392/626/282 651/142/279 728/219/281 472/706/283
f 651/142/279 392/626/282 393/627/284 652/143/280
f 390/624/274 652/143/280 655/146/285 395/629/276
f 652/143/280 393/627/284 396/630/286 655/146/285
f 385/619/260 653/144/287 732/223/288 478/712/262
f 653/144/287 385/619/260 384/618/258 654/145/272
f 394/628/289 653/144/287 654/145/272 395/629/276
f 653/144/287 394/628/289 474/708/290 732/223/288
f 394/628/289 395/629/276 655/146/285 656/147/291
f 655/146/285 396/630/286 397/631/292 656/147/291
f 394/628/289 656/147/291 729/220/293 474/708/290
f 656/147/291 397/631/292 473/707/294 729/220/293
f 397/631/292 657/148/295 772/263/296 473/707/294
f 657/148/295 397/631/292 396/630/286 658/149/297
f 398/632/298 657/148/295 658/149/297 399/633/299
f 657/148/295 398/632/298 515/749/300 772/263/296
f 658/149/297 396/630/286 393/627/284 661/152/301
f 399/633/299 658/149/297 661/152/301 402/636/302
f 398/632/298 399/633/299 659/150/303 660/151/304
f 659/150/303 399/633/299 402/636/302 664/155/305
f 400/634/306 659/150/303 664/155/305 405/639/307
f 659/150/303 400/634/306 401/635/308 660/151/304
f 398/632/298 660/151/304 769/260/309 515/749/300
f 660/151/304 401/635/308 506/740/310 769/260/309
f 661/152/301 393/627/284 392/626/282 662/153/311
f 402/636/302 661/152/301 662/153/311 403/637/312
f 662/153/311 392/626/282 472/706/283 745/236/313
f 403/637/312 662/153/311 745/236/313 489/723/314
f 402/636/302 403/637/312 663/154/315 664/155/305
f 663/154/315 403/637/312 489/723/314 746/237/316
f 404/638/317 663/154/315 746/237/316 490/724/318
f 663/154/315 404/638/317 405/639/307 664/155/305
f 400/634/306 405/639/307 665/156/319 670/161/320
f 665/156/319 405/639/307 404/638/317 666/157/321
f 406/640/322 665/156/319 666/157/321 407/641/323
f 665/156/319 406/640/322 411/645/324 670/161/320
f 666/157/321 404/638/317 490/724/318 755/246/325
f 407/641/323 666/157/321 755/246/325 499/733/326
f 406/640/322 407/641/323 667/158/327 668/159/328
f 667/158/327 407/641/323 499/733/326 756/247/329
f 408/642/330 667/158/327 756/247/329 500/734/331
f 667/158/327 408/642/330 409/643/332 668/159/328
f 406/640/322 668/159/328 671/162/333 411/645/324
f 668/159/328 409/643/332 412/646/334 671/162/333
f 401/635/308 669/160/335 760/251/336 506/740/310
f 669/160/335 401/635/308 400/634/306 670/161/320
f 410/644/337 669/160/335 670/161/320 411/645/324
f 669/160/335 410/644/337 502/736/338 760/251/336
f 410/644/337 411/645/324 671/162/333 672/163/339
f 671/162/333 412/646/334 413/647/340 672/163/339
f 410/644/337 672/163/339 757/248/341 502/736/338
f 672/163/339 413/647/340 501/735/342 757/248/341
f 413/647/340 673/164/343 800/291/344 501/735/342
f 673/164/343 413/647/340 412/646/334 674/165/345
f 414/648/346 673/164/343 674/165/345 415/649/347
f 673/164/343 414/648/346 536/770/348 800/291/344
f 674/165/345 412/646/334 409/643/332 677/168/349
f 415/649/347 674/165/345 677/168/349 418/652/350
f 414/648/346 415/649/347 675/166/351 676/167/352
f 675/166/351 415/649/347 418/652/350 680/171/353
f 416/650/354 675/166/351 680/171/353 421/655/355
f 675/166/351 416/650/354 417/651/356 676/167/352
f 414/648/346 676/167/352 797/288/357 536/770/348
f 676/167/352 417/651/356 529/763/358 797/288/357
f 677/168/349 409/643/332 408/642/330 678/169/359
f 418/652/350 677/168/349 678/169/359 419/653/360
f 678/169/359 408/642/330 500/734/331 773/264/361
f 419/653/360 678/169/359 773/264/361 517/751/362
f 418/652/350 419/653/360 679/170/363 680/171/353
f 679/170/363 419/653/360 517/751/362 774/265/364
f 420/654/365 679/170/363 774/265/364 518/752/366
f 679/170/363 420/654/365 421/655/355 680/171/353
f 416/650/354 421/655/355 681/172/367 686/177/368
f 681/172/367 421/655/355 420/654/365 682/173/369
f 422/656/370 681/172/367 682/173/369 423/657/371
f 681/172/367 422/656/370 425/659/372 686/177/368
f 682/173/369 420/654/365 518/752/366 783/274/373
f 423/657/371 682/173/369 783/274/373 525/759/374
f 422/656/370 423/657/371 683/174/375 684/175/376
f 683/174/375 423/657/371 525/759/374 784/275/377
f 370/604/213 683/174/375 784/275/377 426/660/216
f 683/174/375 370/604/213 368/602/202 684/175/376
f 422/656/370 684/175/376 687/178/378 425/659/372
f 684/175/376 368/602/202 364/598/197 687/178/378
f 417/651/356 685/176/379 788/279/380 529/763/358
f 685/176/379 417/651/356 416/650/354 686/177/368
f 424/658/381 685/176/379 686/177/368 425/659/372
f 685/176/379 424/658/381 526/760/382 788/279/380
f 424/658/381 425/659/372 687/178/378 688/179/383
f 687/178/378 364/598/197 362/596/193 688/179/383
f 424/658/381 688/179/383 785/276/384 526/760/382
f 688/179/383 362/596/193 460/694/196 785/276/384
f 689/180/217 426/660/216 429/663/385 691/182/386
f 689/180/217 691/182/386 430/664/387 427/661/218
f 690/181/220 427/661/218 430/664/387 694/185/388
f 690/181/220 694/185/388 434/668/389 428/662/222
f 691/182/386 429/663/385 431/665/54 692/183/53
f 430/664/387 691/182/386 692/183/53 432/666/52
f 430/664/387 432/666/52 693/184/51 694/185/388
f 693/184/51 433/667/46 434/668/389 694/185/388
f 695/186/390 434/668/389 433/667/46 696/187/45
f 435/669/391 695/186/390 696/187/45 436/670/44
f 699/190/229 695/186/390 435/669/391 439/673/230
f 435/669/391 436/670/44 697/188/43 698/189/392
f 697/188/43 437/671/42 438/672/393 698/189/392
f 700/191/233 698/189/392 438/672/393 440/674/235
f 699/190/229 428/662/222 434/668/389 695/186/390
f 700/191/233 439/673/230 435/669/391 698/189/392
f 701/192/245 441/675/246 443/677/394 702/193/395
f 442/676/242 701/192/245 702/193/395 444/678/396
f 702/193/395 443/677/394 447/681/397 705/196/398
f 444/678/396 702/193/395 705/196/398 448/682/399
f 442/676/242 444/678/396 703/194/400 704/195/240
f 703/194/400 444/678/396 448/682/399 708/199/401
f 445/679/402 703/194/400 708/199/401 452/686/403
f 703/194/400 445/679/402 446/680/212 704/195/240
f 705/196/398 447/681/397 449/683/30 706/197/28
f 448/682/399 705/196/398 706/197/28 450/684/24
f 448/682/399 450/684/24 707/198/22 708/199/401
f 707/198/22 451/685/13 452/686/403 708/199/401
f 445/679/402 452/686/403 709/200/404 714/205/405
f 709/200/404 452/686/403 451/685/13 710/201/11
f 453/687/406 709/200/404 710/201/11 454/688/6
f 709/200/404 453/687/406 458/692/407 714/205/405
f 453/687/406 454/688/6 711/202/4 712/203/408
f 711/202/4 455/689/3 456/690/409 712/203/408
f 453/687/406 712/203/408 715/206/410 458/692/407
f 712/203/408 456/690/409 459/693/411 715/206/410
f 713/204/211 446/680/212 445/679/402 714/205/405
f 457/691/201 713/204/211 714/205/405 458/692/407
f 457/691/201 458/692/407 715/206/410 716/207/195
f 715/206/410 459/693/411 460/694/196 716/207/195
f 717/208/265 440/674/235 438/672/393 719/210/412
f 717/208/265 719/210/412 463/697/413 461/695/266
f 718/209/268 461/695/266 463/697/413 722/213/414
f 718/209/268 722/213/414 466/700/415 462/696/270
f 719/210/412 438/672/393 437/671/42 720/211/102
f 463/697/413 719/210/412 720/211/102 464/698/101
f 463/697/413 464/698/101 721/212/100 722/213/414
f 721/212/100 465/699/96 466/700/415 722/213/414
f 723/214/416 466/700/415 465/699/96 724/215/95
f 467/701/417 723/214/416 724/215/95 468/702/94
f 727/218/277 723/214/416 467/701/417 471/705/278
f 467/701/417 468/702/94 725/216/93 726/217/418
f 725/216/93 469/703/92 470/704/419 726/217/418
f 728/219/281 726/217/418 470/704/419 472/706/283
f 727/218/277 462/696/270 466/700/415 723/214/416
f 728/219/281 471/705/278 467/701/417 726/217/418
f 729/220/293 473/707/294 475/709/420 730/221/421
f 474/708/290 729/220/293 730/221/421 476/710/422
f 730/221/421 475/709/420 479/713/423 733/224/424
f 476/710/422 730/221/421 733/224/424 480/714/425
f 474/708/290 476/710/422 731/222/426 732/223/288
f 731/222/426 476/710/422 480/714/425 736/227/427
f 477/711/428 731/222/426 736/227/427 484/718/429
f 731/222/426 477/711/428 478/712/262 732/223/288
f 733/224/424 479/713/423 481/715/80 734/225/78
f 480/714/425 733/224/424 734/225/78 482/716/74
f 480/714/425 482/716/74 735/226/72 736/227/427
f 735/226/72 483/717/64 484/718/429 736/227/427
f 477/711/428 484/718/429 737/228/430 742/233/431
f 737/228/430 484/718/429 483/717/64 738/229/62
f 485/719/432 737/228/430 738/229/62 486/720/58
f 737/228/430 485/719/432 488/722/433 742/233/431
f 485/719/432 486/720/58 739/230/56 740/231/434
f 739/230/56 449/683/30 447/681/397 740/231/434
f 485/719/432 740/231/434 743/234/435 488/722/433
f 740/231/434 447/681/397 443/677/394 743/234/435
f 741/232/261 478/712/262 477/711/428 742/233/431
f 487/721/252 741/232/261 742/233/431 488/722/433
f 487/721/252 488/722/433 743/234/435 744/235/248
f 743/234/435 443/677/394 441/675/246 744/235/248
f 745/236/313 472/706/283 470/704/419 747/238/436
f 745/236/313 747/238/436 491/725/437 489/723/314
f 746/237/316 489/723/314 491/725/437 750/241/438
f 746/237/316 750/241/438 494/728/439 490/724/318
f 747/238/436 470/704/419 469/703/92 748/239/150
f 491/725/437 747/238/436 748/239/150 492/726/149
f 491/725/437 492/726/149 749/240/148 750/241/438
f 749/240/148 493/727/144 494/728/439 750/241/438
f 751/242/440 494/728/439 493/727/144 752/243/143
f 495/729/441 751/242/440 752/243/143 496/730/142
f 755/246/325 751/242/440 495/729/441 499/733/326
f 495/729/441 496/730/142 753/244/141 754/245/442
f 753/244/141 497/731/140 498/732/443 754/245/442
f 756/247/329 754/245/442 498/732/443 500/734/331
f 755/246/325 490/724/318 494/728/439 751/242/440
f 756/247/329 499/733/326 495/729/441 754/245/442
f 757/248/341 501/735/342 503/737/444 758/249/445
f 502/736/338 757/248/341 758/249/445 504/738/446
f 758/249/445 503/737/444 507/741/447 761/252/448
f 504/738/446 758/249/445 761/252/448 508/742/449
f 502/736/338 504/738/446 759/250/450 760/251/336
f 759/250/450 504/738/446 508/742/449 764/255/451
f 505/739/452 759/250/450 764/255/451 512/746/453
f 759/250/450 505/739/452 506/740/310 760/251/336
f 761/252/448 507/741/447 509/743/128 762/253/126
f 508/742/449 761/252/448 762/253/126 510/744/122
f 508/742/449 510/744/122 763/254/120 764/255/451
f 763/254/120 511/745/112 512/746/453 764/255/451
f 505/739/452 512/746/453 765/256/454 770/261/455
f 765/256/454 512/746/453 511/745/112 766/257/110
f 513/747/456 765/256/454 766/257/110 514/748/106
f 765/256/454 513/747/456 516/750/457 770/261/455
f 513/747/456 514/748/106 767/258/104 768/259/458
f 767/258/104 481/715/80 479/713/423 768/259/458
f 513/747/456 768/259/458 771/262/459 516/750/457
f 768/259/458 479/713/423 475/709/420 771/262/459
f 769/260/309 506/740/310 505/739/452 770/261/455
f 515/749/300 769/260/309 770/261/455 516/750/457
f 515/749/300 516/750/457 771/262/459 772/263/296
f 771/262/459 475/709/420 473/707/294 772/263/296
f 773/264/361 500/734/331 498/732/443 775/266/460
f 773/264/361 775/266/460 519/753/461 517/751/362
f 774/265/364 517/751/362 519/753/461 778/269/462
f 774/265/364 778/269/462 522/756/463 518/752/366
f 775/266/460 498/732/443 497/731/140 776/267/192
f 519/753/461 775/266/460 776/267/192 520/754/191
f 519/753/461 520/754/191 777/268/190 778/269/462
f 777/268/190 521/755/186 522/756/463 778/269/462
f 779/270/464 522/756/463 521/755/186 780/271/185
f 523/757/465 779/270/464 780/271/185 524/758/184
f 783/274/373 779/270/464 523/757/465 525/759/374
f 523/757/465 524/758/184 781/272/183 782/273/466
f 781/272/183 431/665/54 429/663/385 782/273/466
f 784/275/377 782/273/466 429/663/385 426/660/216
f 783/274/373 518/752/366 522/756/463 779/270/464
f 784/275/377 525/759/374 523/757/465 782/273/466
f 785/276/384 460/694/196 459/693/411 786/277/467
f 526/760/382 785/276/384 786/277/467 527/761/468
f 786/277/467 459/693/411 456/690/409 789/280/469
f 527/761/468 786/277/467 789/280/469 530/764/470
f 526/760/382 527/761/468 787/278/471 788/279/380
f 787/278/471 527/761/468 530/764/470 792/283/472
f 528/762/473 787/278/471 792/283/472 533/767/474
f 787/278/471 528/762/473 529/763/358 788/279/380
f 789/280/469 456/690/409 455/689/3 790/281/174
f 530/764/470 789/280/469 790/281/174 531/765/170
f 530/764/470 531/765/170 791/282/168 792/283/472
f 791/282/168 532/766/160 533/767/474 792/283/472
f 528/762/473 533/767/474 793/284/475 798/289/476
f 793/284/475 533/767/474 532/766/160 794/285/158
f 534/768/477 793/284/475 794/285/158 535/769/154
f 793/284/475 534/768/477 537/771/478 798/289/476
f 534/768/477 535/769/154 795/286/152 796/287/479
f 795/286/152 509/743/128 507/741/447 796/287/479
f 534/768/477 796/287/479 799/290/480 537/771/478
f 796/287/479 507/741/447 503/737/444 799/290/480
f 797/288/357 529/763/358 528/762/473 798/289/476
f 536/770/348 797/288/357 798/289/476 537/771/478
f 536/770/348 537/771/478 799/290/480 800/291/344
f 799/290/480 503/737/444 501/735/342 800/291/344
s 3
f 538/772/481 801/292/482 951/442/483 183/929/484
f 801/292/482 538/772/481 540/774/485 802/293/486
f 539/773/487 801/292/482 802/293/486 541/775/488
f 801/292/482 539/773/487 184/930/489 951/442/483
f 802/293/486 540/774/485 554/788/490 813/304/491
f 541/775/488 802/293/486 813/304/491 555/789/492
f 539/773/487 541/775/488 803/294/493 804/295/494
f 803/294/493 541/775/488 555/789/492 816/307/495
f 542/776/496 803/294/493 816/307/495 548/782/497
f 803/294/493 542/776/496 543/777/498 804/295/494
f 539/773/487 804/295/494 952/443/499 184/930/489
f 804/295/494 543/777/498 178/924/500 952/443/499
f 543/777/498 805/296/501 947/438/502 178/924/500
f 805/296/501 543/777/498 542/776/496 806/297/503
f 544/778/504 805/296/501 806/297/503 545/779/505
f 805/296/501 544/778/504 179/925/506 947/438/502
f 806/297/503 542/776/496 548/782/497 809/300/507
f 545/779/505 806/297/503 809/300/507 549/783/508
f 544/778/504 545/779/505 807/298/509 808/299/510
f 807/298/509 545/779/505 549/783/508 812/303/511
f 546/780/512 807/298/509 812/303/511 553/787/513
f 807/298/509 546/780/512 547/781/514 808/299/510
f 544/778/504 808/299/510 948/439/515 179/925/506
f 808/299/510 547/781/514 180/926/516 948/439/515
f 809/300/507 548/782/497 550/784/517 810/301/518
f 549/783/508 809/300/507 810/301/518 551/785/519
f 810/301/518 550/784/517 160/906/520 938/429/521
f 551/785/519 810/301/518 938/429/521 166/912/522
f 549/783/508 551/785/519 811/302/523 812/303/511
f 811/302/523 551/785/519 166/912/522 937/428/524
f 552/786/525 811/302/523 937/428/524 165/911/526
f 811/302/523 552/786/525 553/787/513 812/303/511
f 813/304/491 554/788/490 556/790/527 814/305/528
f 555/789/492 813/304/491 814/305/528 557/791/529
f 814/305/528 556/790/527 162/908/530 934/425/531
f 557/791/529 814/305/528 934/425/531 161/907/532
f 555/789/492 557/791/529 815/306/533 816/307/495
f 815/306/533 557/791/529 161/907/532 933/424/534
f 550/784/517 815/306/533 933/424/534 160/906/520
f 815/306/533 550/784/517 548/782/497 816/307/495
f 547/781/514 817/308/535 979/470/536 180/926/516
f 817/308/535 547/781/514 546/780/512 818/309/537
f 558/792/538 817/308/535 818/309/537 559/793/539
f 817/308/535 558/792/538 214/960/540 979/470/536
f 818/309/537 546/780/512 553/787/513 829/320/541
f 559/793/539 818/309/537 829/320/541 60/806/542
f 558/792/538 559/793/539 819/310/543 820/311/544
f 819/310/543 559/793/539 60/806/542 832/323/545
f 560/794/546 819/310/543 832/323/545 54/800/547
f 819/310/543 560/794/546 49/795/548 820/311/544
f 558/792/538 820/311/544 980/471/549 214/960/540
f 820/311/544 49/795/548 210/956/550 980/471/549
f 49/795/548 821/312/551 975/466/552 210/956/550
f 821/312/551 49/795/548 560/794/546 822/313/553
f 50/796/554 821/312/551 822/313/553 51/797/555
f 821/312/551 50/796/554 211/957/556 975/466/552
f 822/313/553 560/794/546 54/800/547 825/316/557
f 51/797/555 822/313/553 825/316/557 55/801/558
f 50/796/554 51/797/555 823/314/559 824/315/560
f 823/314/559 51/797/555 55/801/558 828/319/561
f 52/798/562 823/314/559 828/319/561 59/805/563
f 823/314/559 52/798/562 53/799/564 824/315/560
f 50/796/554 824/315/560 976/467/565 211/957/556
f 824/315/560 53/799/564 212/958/566 976/467/565
f 825/316/557 54/800/547 56/802/567 826/317/568
f 55/801/558 825/316/557 826/317/568 57/803/569
f 826/317/568 56/802/567 193/939/570 966/457/571
f 57/803/569 826/317/568 966/457/571 198/944/572
f 55/801/558 57/803/569 827/318/573 828/319/561
f 827/318/573 57/803/569 198/944/572 965/456/574
f 58/804/575 827/318/573 965/456/574 197/943/576
f 827/318/573 58/804/575 59/805/563 828/319/561
f 829/320/541 553/787/513 552/786/525 830/321/577
f 60/806/542 829/320/541 830/321/577 61/807/578
f 830/321/577 552/786/525 165/911/526 962/453/579
f 61/807/578 830/321/577 962/453/579 194/940/580
f 60/806/542 61/807/578 831/322/581 832/323/545
f 831/322/581 61/807/578 194/940/580 961/452/582
f 56/802/567 831/322/581 961/452/582 193/939/570
f 831/322/581 56/802/567 54/800/547 832/323/545
f 53/799/564 833/324/583 1007/498/584 212/958/566
f 833/324/583 53/799/564 52/798/562 834/325/585
f 62/808/586 833/324/583 834/325/585 63/809/587
f 833/324/583 62/808/586 242/988/588 1007/498/584
f 834/325/585 52/798/562 59/805/563 845/336/589
f 63/809/587 834/325/585 845/336/589 76/822/590
f 62/808/586 63/809/587 835/326/591 836/327/592
f 835/326/591 63/809/587 76/822/590 848/339/593
f 64/810/594 835/326/591 848/339/593 70/816/595
f 835/326/591 64/810/594 65/811/596 836/327/592
f 62/808/586 836/327/592 1008/499/597 242/988/588
f 836/327/592 65/811/596 238/984/598 1008/499/597
f 65/811/596 837/328/599 1003/494/600 238/984/598
f 837/328/599 65/811/596 64/810/594 838/329/601
f 66/812/602 837/328/599 838/329/601 67/813/603
f 837/328/599 66/812/602 239/985/604 1003/494/600
f 838/329/601 64/810/594 70/816/595 841/332/605
f 67/813/603 838/329/601 841/332/605 71/817/606
f 66/812/602 67/813/603 839/330/607 840/331/608
f 839/330/607 67/813/603 71/817/606 844/335/609
f 68/814/610 839/330/607 844/335/609 75/821/611
f 839/330/607 68/814/610 69/815/612 840/331/608
f 66/812/602 840/331/608 1004/495/613 239/985/604
f 840/331/608 69/815/612 240/986/614 1004/495/613
f 841/332/605 70/816/595 72/818/615 842/333/616
f 71/817/606 841/332/605 842/333/616 73/819/617
f 842/333/616 72/818/615 221/967/618 994/485/619
f 73/819/617 842/333/616 994/485/619 226/972/620
f 71/817/606 73/819/617 843/334/621 844/335/609
f 843/334/621 73/819/617 226/972/620 993/484/622
f 74/820/623 843/334/621 993/484/622 225/971/624
f 843/334/621 74/820/623 75/821/611 844/335/609
f 845/336/589 59/805/563 58/804/575 846/337/625
f 76/822/590 845/336/589 846/337/625 77/823/626
f 846/337/625 58/804/575 197/943/576 990/481/627
f 77/823/626 846/337/625 990/481/627 222/968/628
f 76/822/590 77/823/626 847/338/629 848/339/593
f 847/338/629 77/823/626 222/968/628 989/480/630
f 72/818/615 847/338/629 989/480/630 221/967/618
f 847/338/629 72/818/615 70/816/595 848/339/593
f 69/815/612 849/340/631 1035/526/632 240/986/614
f 849/340/631 69/815/612 68/814/610 850/341/633
f 78/824/634 849/340/631 850/341/633 79/825/635
f 849/340/631 78/824/634 263/1009/636 1035/526/632
f 850/341/633 68/814/610 75/821/611 861/352/637
f 79/825/635 850/341/633 861/352/637 88/834/638
f 78/824/634 79/825/635 851/342/639 852/343/640
f 851/342/639 79/825/635 88/834/638 864/355/641
f 80/826/642 851/342/639 864/355/641 84/830/643
f 851/342/639 80/826/642 81/827/644 852/343/640
f 78/824/634 852/343/640 1036/527/645 263/1009/636
f 852/343/640 81/827/644 260/1006/646 1036/527/645
f 81/827/644 853/344/647 1031/522/648 260/1006/646
f 853/344/647 81/827/644 80/826/642 854/345/649
f 82/828/650 853/344/647 854/345/649 83/829/651
f 853/344/647 82/828/650 261/1007/652 1031/522/648
f 854/345/649 80/826/642 84/830/643 857/348/653
f 83/829/651 854/345/649 857/348/653 85/831/654
f 82/828/650 83/829/651 855/346/655 856/347/656
f 855/346/655 83/829/651 85/831/654 860/351/657
f 554/788/490 540/774/485 855/346/655 860/351/657
f 855/346/655 540/774/485 538/772/481 856/347/656
f 82/828/650 856/347/656 1032/523/658 261/1007/652
f 856/347/656 538/772/481 183/929/484 1032/523/658
f 857/348/653 84/830/643 86/832/659 858/349/660
f 85/831/654 857/348/653 858/349/660 87/833/661
f 858/349/660 86/832/659 249/995/662 1022/513/663
f 87/833/661 858/349/660 1022/513/663 252/998/664
f 85/831/654 87/833/661 859/350/665 860/351/657
f 859/350/665 87/833/661 252/998/664 1021/512/666
f 556/790/527 859/350/665 1021/512/666 162/908/530
f 859/350/665 556/790/527 554/788/490 860/351/657
f 861/352/637 75/821/611 74/820/623 862/353/667
f 88/834/638 861/352/637 862/353/667 89/835/668
f 862/353/667 74/820/623 225/971/624 1018/509/669
f 89/835/668 862/353/667 1018/509/669 250/996/670
f 88/834/638 89/835/668 863/354/671 864/355/641
f 863/354/671 89/835/668 250/996/670 1017/508/672
f 86/832/659 863/354/671 1017/508/672 249/995/662
f 863/354/671 86/832/659 84/830/643 864/355/641
f 865/356/673 91/837/674 186/932/675 954/445/676
f 90/836/677 865/356/673 954/445/676 185/931/678
f 865/356/673 90/836/677 94/840/679 868/359/680
f 91/837/674 865/356/673 868/359/680 95/841/681
f 866/357/682 90/836/677 185/931/678 953/444/683
f 92/838/684 866/357/682 953/444/683 171/917/685
f 866/357/682 92/838/684 93/839/686 867/358/687
f 90/836/677 866/357/682 867/358/687 94/840/679
f 867/358/687 93/839/686 98/844/688 870/361/689
f 94/840/679 867/358/687 870/361/689 96/842/690
f 868/359/680 94/840/679 96/842/690 869/360/691
f 95/841/681 868/359/680 869/360/691 97/843/692
f 869/360/691 96/842/690 100/846/693 872/363/694
f 97/843/692 869/360/691 872/363/694 101/847/695
f 870/361/689 98/844/688 99/845/696 871/362/697
f 96/842/690 870/361/689 871/362/697 100/846/693
f 871/362/697 99/845/696 156/902/698 930/421/699
f 100/846/693 871/362/697 930/421/699 154/900/700
f 872/363/694 100/846/693 154/900/700 929/420/701
f 101/847/695 872/363/694 929/420/701 155/901/702
f 873/364/703 98/844/688 93/839/686 880/371/704
f 102/848/705 873/364/703 880/371/704 109/855/706
f 873/364/703 102/848/705 105/851/707 876/367/708
f 99/845/696 98/844/688 873/364/703 876/367/708
f 874/365/709 102/848/705 109/855/706 879/370/710
f 103/849/711 874/365/709 879/370/710 108/854/712
f 874/365/709 103/849/711 104/850/713 875/366/714
f 102/848/705 874/365/709 875/366/714 105/851/707
f 875/366/714 104/850/713 168/914/715 940/431/716
f 105/851/707 875/366/714 940/431/716 167/913/717
f 876/367/708 105/851/707 167/913/717 939/430/718
f 99/845/696 876/367/708 939/430/718 156/902/698
f 877/368/719 92/838/684 171/917/685 942/433/720
f 106/852/721 877/368/719 942/433/720 169/915/722
f 877/368/719 106/852/721 109/855/706 880/371/704
f 93/839/686 92/838/684 877/368/719 880/371/704
f 878/369/723 106/852/721 169/915/722 941/432/724
f 107/853/725 878/369/723 941/432/724 170/916/726
f 878/369/723 107/853/725 108/854/712 879/370/710
f 106/852/721 878/369/723 879/370/710 109/855/706
f 881/372/727 107/853/725 170/916/726 982/473/728
f 110/856/729 881/372/727 982/473/728 215/961/730
f 881/372/727 110/856/729 113/859/731 884/375/732
f 108/854/712 107/853/725 881/372/727 884/375/732
f 882/373/733 110/856/729 215/961/730 981/472/734
f 111/857/735 882/373/733 981/472/734 203/949/736
f 882/373/733 111/857/735 112/858/737 883/374/738
f 110/856/729 882/373/733 883/374/738 113/859/731
f 883/374/738 112/858/737 115/861/739 886/377/740
f 113/859/731 883/374/738 886/377/740 114/860/741
f 884/375/732 113/859/731 114/860/741 885/376/742
f 103/849/711 108/854/712 884/375/732 885/376/742
f 885/376/742 114/860/741 117/863/743 888/379/744
f 104/850/713 103/849/711 885/376/742 888/379/744
f 886/377/740 115/861/739 116/862/745 887/378/746
f 114/860/741 886/377/740 887/378/746 117/863/743
f 887/378/746 116/862/745 190/936/747 958/449/748
f 117/863/743 887/378/746 958/449/748 189/935/749
f 888/379/744 117/863/743 189/935/749 957/448/750
f 104/850/713 888/379/744 957/448/750 168/914/715
f 889/380/751 115/861/739 112/858/737 896/387/752
f 118/864/753 889/380/751 896/387/752 125/871/754
f 889/380/751 118/864/753 121/867/755 892/383/756
f 116/862/745 115/861/739 889/380/751 892/383/756
f 890/381/757 118/864/753 125/871/754 895/386/758
f 119/865/759 890/381/757 895/386/758 124/870/760
f 890/381/757 119/865/759 120/866/761 891/382/762
f 118/864/753 890/381/757 891/382/762 121/867/755
f 891/382/762 120/866/761 200/946/763 968/459/764
f 121/867/755 891/382/762 968/459/764 199/945/765
f 892/383/756 121/867/755 199/945/765 967/458/766
f 116/862/745 892/383/756 967/458/766 190/936/747
f 893/384/767 111/857/735 203/949/736 970/461/768
f 122/868/769 893/384/767 970/461/768 201/947/770
f 893/384/767 122/868/769 125/871/754 896/387/752
f 112/858/737 111/857/735 893/384/767 896/387/752
f 894/385/771 122/868/769 201/947/770 969/460/772
f 123/869/773 894/385/771 969/460/772 202/948/774
f 894/385/771 123/869/773 124/870/760 895/386/758
f 122/868/769 894/385/771 895/386/758 125/871/754
f 897/388/775 123/869/773 202/948/774 1010/501/776
f 126/872/777 897/388/775 1010/501/776 243/989/778
f 897/388/775 126/872/777 129/875/779 900/391/780
f 124/870/760 123/869/773 897/388/775 900/391/780
f 898/389/781 126/872/777 243/989/778 1009/500/782
f 127/873/783 898/389/781 1009/500/782 231/977/784
f 898/389/781 127/873/783 128/874/785 899/390/786
f 126/872/777 898/389/781 899/390/786 129/875/779
f 899/390/786 128/874/785 131/877/787 902/393/788
f 129/875/779 899/390/786 902/393/788 130/876/789
f 900/391/780 129/875/779 130/876/789 901/392/790
f 119/865/759 124/870/760 900/391/780 901/392/790
f 901/392/790 130/876/789 133/879/791 904/395/792
f 120/866/761 119/865/759 901/392/790 904/395/792
f 902/393/788 131/877/787 132/878/793 903/394/794
f 130/876/789 902/393/788 903/394/794 133/879/791
f 903/394/794 132/878/793 218/964/795 986/477/796
f 133/879/791 903/394/794 986/477/796 217/963/797
f 904/395/792 133/879/791 217/963/797 985/476/798
f 120/866/761 904/395/792 985/476/798 200/946/763
f 905/396/799 131/877/787 128/874/785 912/403/800
f 134/880/801 905/396/799 912/403/800 141/887/802
f 905/396/799 134/880/801 137/883/803 908/399/804
f 132/878/793 131/877/787 905/396/799 908/399/804
f 906/397/805 134/880/801 141/887/802 911/402/806
f 135/881/807 906/397/805 911/402/806 140/886/808
f 906/397/805 135/881/807 136/882/809 907/398/810
f 134/880/801 906/397/805 907/398/810 137/883/803
f 907/398/810 136/882/809 228/974/811 996/487/812
f 137/883/803 907/398/810 996/487/812 227/973/813
f 908/399/804 137/883/803 227/973/813 995/486/814
f 132/878/793 908/399/804 995/486/814 218/964/795
f 909/400/815 127/873/783 231/977/784 998/489/816
f 138/884/817 909/400/815 998/489/816 229/975/818
f 909/400/815 138/884/817 141/887/802 912/403/800
f 128/874/785 127/873/783 909/400/815 912/403/800
f 910/401/819 138/884/817 229/975/818 997/488/820
f 139/885/821 910/401/819 997/488/820 230/976/822
f 910/401/819 139/885/821 140/886/808 911/402/806
f 138/884/817 910/401/819 911/402/806 141/887/802
f 913/404/823 139/885/821 230/976/822 1038/529/824
f 142/888/825 913/404/823 1038/529/824 264/1010/826
f 913/404/823 142/888/825 145/891/827 916/407/828
f 140/886/808 139/885/821 913/404/823 916/407/828
f 914/405/829 142/888/825 264/1010/826 1037/528/830
f 143/889/831 914/405/829 1037/528/830 255/1001/832
f 914/405/829 143/889/831 144/890/833 915/406/834
f 142/888/825 914/405/829 915/406/834 145/891/827
f 915/406/834 144/890/833 147/893/835 918/409/836
f 145/891/827 915/406/834 918/409/836 146/892/837
f 916/407/828 145/891/827 146/892/837 917/408/838
f 135/881/807 140/886/808 916/407/828 917/408/838
f 917/408/838 146/892/837 149/895/839 920/411/840
f 136/882/809 135/881/807 917/408/838 920/411/840
f 918/409/836 147/893/835 148/894/841 919/410/842
f 146/892/837 918/409/836 919/410/842 149/895/839
f 919/410/842 148/894/841 246/992/843 1014/505/844
f 149/895/839 919/410/842 1014/505/844 245/991/845
f 920/411/840 149/895/839 245/991/845 1013/504/846
f 136/882/809 920/411/840 1013/504/846 228/974/811
f 921/412/847 147/893/835 144/890/833 928/419/848
f 150/896/849 921/412/847 928/419/848 153/899/850
f 921/412/847 150/896/849 151/897/851 924/415/852
f 148/894/841 147/893/835 921/412/847 924/415/852
f 922/413/853 150/896/849 153/899/850 927/418/854
f 95/841/681 97/843/692 922/413/853 927/418/854
f 922/413/853 97/843/692 101/847/695 923/414/855
f 150/896/849 922/413/853 923/414/855 151/897/851
f 923/414/855 101/847/695 155/901/702 1024/515/856
f 151/897/851 923/414/855 1024/515/856 253/999/857
f 924/415/852 151/897/851 253/999/857 1023/514/858
f 148/894/841 924/415/852 1023/514/858 246/992/843
f 925/416/859 143/889/831 255/1001/832 1026/517/860
f 152/898/861 925/416/859 1026/517/860 254/1000/862
f 925/416/859 152/898/861 153/899/850 928/419/848
f 144/890/833 143/889/831 925/416/859 928/419/848
f 926/417/863 152/898/861 254/1000/862 1025/516/864
f 91/837/674 926/417/863 1025/516/864 186/932/675
f 926/417/863 91/837/674 95/841/681 927/418/854
f 152/898/861 926/417/863 927/418/854 153/899/850
f 929/420/701 154/900/700 157/903/865 931/422/866
f 155/901/702 929/420/701 931/422/866 158/904/867
f 930/421/699 156/902/698 159/905/868 932/423/869
f 154/900/700 930/421/699 932/423/869 157/903/865
f 931/422/866 157/903/865 161/907/532 934/425/531
f 158/904/867 931/422/866 934/425/531 162/908/530
f 932/423/869 159/905/868 160/906/520 933/424/534
f 157/903/865 932/423/869 933/424/534 161/907/532
f 935/426/870 163/909/871 166/912/522 938/429/521
f 160/906/520 159/905/868 935/426/870 938/429/521
f 936/427/872 164/910/873 165/911/526 937/428/524
f 163/909/871 936/427/872 937/428/524 166/912/522
f 939/430/718 167/913/717 163/909/871 935/426/870
f 159/905/868 156/902/698 939/430/718 935/426/870
f 940/431/716 168/914/715 164/910/873 936/427/872
f 167/913/717 940/431/716 936/427/872 163/909/871
f 941/432/724 169/915/722 173/919/874 944/435/875
f 170/916/726 941/432/724 944/435/875 174/920/876
f 942/433/720 171/917/685 172/918/877 943/434/878
f 169/915/722 942/433/720 943/434/878 173/919/874
f 943/434/878 172/918/877 177/923/879 946/437/880
f 173/919/874 943/434/878 946/437/880 175/921/881
f 944/435/875 173/919/874 175/921/881 945/436/882
f 174/920/876 944/435/875 945/436/882 176/922/883
f 945/436/882 175/921/881 179/925/506 948/439/515
f 176/922/883 945/436/882 948/439/515 180/926/516
f 946/437/880 177/923/879 178/924/500 947/438/502
f 175/921/881 946/437/880 947/438/502 179/925/506
f 949/440/884 177/923/879 172/918/877 956/447/885
f 181/927/886 949/440/884 956/447/885 188/934/887
f 949/440/884 181/927/886 184/930/489 952/443/499
f 178/924/500 177/923/879 949/440/884 952/443/499
f 950/441/888 181/927/886 188/934/887 955/446/889
f 182/928/890 950/441/888 955/446/889 187/933/891
f 950/441/888 182/928/890 183/929/484 951/442/483
f 181/927/886 950/441/888 951/442/483 184/930/489
f 953/444/683 185/931/678 188/934/887 956/447/885
f 172/918/877 171/917/685 953/444/683 956/447/885
f 954/445/676 186/932/675 187/933/891 955/446/889
f 185/931/678 954/445/676 955/446/889 188/934/887
f 957/448/750 189/935/749 191/937/892 959/450/893
f 164/910/873 168/914/715 957/448/750 959/450/893
f 958/449/748 190/936/747 192/938/894 960/451/895
f 189/935/749 958/449/748 960/451/895 191/937/892
f 959/450/893 191/937/892 194/940/580 962/453/579
f 165/911/526 164/910/873 959/450/893 962/453/579
f 960/451/895 192/938/894 193/939/570 961/452/582
f 191/937/892 960/451/895 961/452/582 194/940/580
f 963/454/896 195/941/897 198/944/572 966/457/571
f 193/939/570 192/938/894 963/454/896 966/457/571
f 964/455/898 196/942/899 197/943/576 965/456/574
f 195/941/897 964/455/898 965/456/574 198/944/572
f 967/458/766 199/945/765 195/941/897 963/454/896
f 192/938/894 190/936/747 967/458/766 963/454/896
f 968/459/764 200/946/763 196/942/899 964/455/898
f 199/945/765 968/459/764 964/455/898 195/941/897
f 969/460/772 201/947/770 205/951/900 972/463/901
f 202/948/774 969/460/772 972/463/901 206/952/902
f 970/461/768 203/949/736 204/950/903 971/462/904
f 201/947/770 970/461/768 971/462/904 205/951/900
f 971/462/904 204/950/903 209/955/905 974/465/906
f 205/951/900 971/462/904 974/465/906 207/953/907
f 972/463/901 205/951/900 207/953/907 973/464/908
f 206/952/902 972/463/901 973/464/908 208/954/909
f 973/464/908 207/953/907 211/957/556 976/467/565
f 208/954/909 973/464/908 976/467/565 212/958/566
f 974/465/906 209/955/905 210/956/550 975/466/552
f 207/953/907 974/465/906 975/466/552 211/957/556
f 977/468/910 209/955/905 204/950/903 984/475/911
f 213/959/912 977/468/910 984/475/911 216/962/913
f 977/468/910 213/959/912 214/960/540 980/471/549
f 210/956/550 209/955/905 977/468/910 980/471/549
f 978/469/914 213/959/912 216/962/913 983/474/915
f 174/920/876 176/922/883 978/469/914 983/474/915
f 978/469/914 176/922/883 180/926/516 979/470/536
f 213/959/912 978/469/914 979/470/536 214/960/540
f 981/472/734 215/961/730 216/962/913 984/475/911
f 204/950/903 203/949/736 981/472/734 984/475/911
f 982/473/728 170/916/726 174/920/876 983/474/915
f 215/961/730 982/473/728 983/474/915 216/962/913
f 985/476/798 217/963/797 219/965/916 987/478/917
f 196/942/899 200/946/763 985/476/798 987/478/917
f 986/477/796 218/964/795 220/966/918 988/479/919
f 217/963/797 986/477/796 988/479/919 219/965/916
f 987/478/917 219/965/916 222/968/628 990/481/627
f 197/943/576 196/942/899 987/478/917 990/481/627
f 988/479/919 220/966/918 221/967/618 989/480/630
f 219/965/916 988/479/919 989/480/630 222/968/628
f 991/482/920 223/969/921 226/972/620 994/485/619
f 221/967/618 220/966/918 991/482/920 994/485/619
f 992/483/922 224/970/923 225/971/624 993/484/622
f 223/969/921 992/483/922 993/484/622 226/972/620
f 995/486/814 227/973/813 223/969/921 991/482/920
f 220/966/918 218/964/795 995/486/814 991/482/920
f 996/487/812 228/974/811 224/970/923 992/483/922
f 227/973/813 996/487/812 992/483/922 223/969/921
f 997/488/820 229/975/818 233/979/924 1000/491/925
f 230/976/822 997/488/820 1000/491/925 234/980/926
f 998/489/816 231/977/784 232/978/927 999/490/928
f 229/975/818 998/489/816 999/490/928 233/979/924
f 999/490/928 232/978/927 237/983/929 1002/493/930
f 233/979/924 999/490/928 1002/493/930 235/981/931
f 1000/491/925 233/979/924 235/981/931 1001/492/932
f 234/980/926 1000/491/925 1001/492/932 236/982/933
f 1001/492/932 235/981/931 239/985/604 1004/495/613
f 236/982/933 1001/492/932 1004/495/613 240/986/614
f 1002/493/930 237/983/929 238/984/598 1003/494/600
f 235/981/931 1002/493/930 1003/494/600 239/985/604
f 1005/496/934 237/983/929 232/978/927 1012/503/935
f 241/987/936 1005/496/934 1012/503/935 244/990/937
f 1005/496/934 241/987/936 242/988/588 1008/499/597
f 238/984/598 237/983/929 1005/496/934 1008/499/597
f 1006/497/938 241/987/936 244/990/937 1011/502/939
f 206/952/902 208/954/909 1006/497/938 1011/502/939
f 1006/497/938 208/954/909 212/958/566 1007/498/584
f 241/987/936 1006/497/938 1007/498/584 242/988/588
f 1009/500/782 243/989/778 244/990/937 1012/503/935
f 232/978/927 231/977/784 1009/500/782 1012/503/935
f 1010/501/776 202/948/774 206/952/902 1011/502/939
f 243/989/778 1010/501/776 1011/502/939 244/990/937
f 1013/504/846 245/991/845 247/993/940 1015/506/941
f 224/970/923 228/974/811 1013/504/846 1015/506/941
f 1014/505/844 246/992/843 248/994/942 1016/507/943
f 245/991/845 1014/505/844 1016/507/943 247/993/940
f 1015/506/941 247/993/940 250/996/670 1018/509/669
f 225/971/624 224/970/923 1015/506/941 1018/509/669
f 1016/507/943 248/994/942 249/995/662 1017/508/672
f 247/993/940 1016/507/943 1017/508/672 250/996/670
f 1019/510/944 251/997/945 252/998/664 1022/513/663
f 249/995/662 248/994/942 1019/510/944 1022/513/663
f 1020/511/946 158/904/867 162/908/530 1021/512/666
f 251/997/945 1020/511/946 1021/512/666 252/998/664
f 1023/514/858 253/999/857 251/997/945 1019/510/944
f 248/994/942 246/992/843 1023/514/858 1019/510/944
f 1024/515/856 155/901/702 158/904/867 1020/511/946
f 253/999/857 1024/515/856 1020/511/946 251/997/945
f 1025/516/864 254/1000/862 257/1003/947 1028/519/948
f 187/933/891 186/932/675 1025/516/864 1028/519/948
f 1026/517/860 255/1001/832 256/1002/949 1027/518/950
f 254/1000/862 1026/517/860 1027/518/950 257/1003/947
f 1027/518/950 256/1002/949 259/1005/951 1030/521/952
f 257/1003/947 1027/518/950 1030/521/952 258/1004/953
f 1028/519/948 257/1003/947 258/1004/953 1029/520/954
f 182/928/890 187/933/891 1028/519/948 1029/520/954
f 1029/520/954 258/1004/953 261/1007/652 1032/523/658
f 183/929/484 182/928/890 1029/520/954 1032/523/658
f 1030/521/952 259/1005/951 260/1006/646 1031/522/648
f 258/1004/953 1030/521/952 1031/522/648 261/1007/652
f 1033/524/955 259/1005/951 256/1002/949 1040/531/956
f 262/1008/957 1033/524/955 1040/531/956 265/1011/958
f 1033/524/955 262/1008/957 263/1009/636 1036/527/645
f 260/1006/646 259/1005/951 1033/524/955 1036/527/645
f 1034/525/959 262/1008/957 265/1011/958 1039/530/960
f 234/980/926 236/982/933 1034/525/959 1039/530/960
f 1034/525/959 236/982/933 240/986/614 1035/526/632
f 262/1008/957 1034/525/959 1035/526/632 263/1009/636
f 1037/528/830 264/1010/826 265/1011/958 1040/531/956
f 256/1002/949 255/1001/832 1037/528/830 1040/531/956
f 1038/529/824 230/976/822 234/980/926 1039/530/960
f 264/1010/826 1038/529/824 1039/530/960 265/1011/958
s 5
f 267/1013/961 3/3/962 17/19/963 266/1012/964
f 267/1013/961 266/1012/964 41/44/965 20/22/966
f 266/1012/964 17/19/963 13/15/967 268/1014/968
f 266/1012/964 268/1014/968 18/20/969 41/44/965
f 270/1016/970 41/44/965 18/20/969 269/1015/971
f 270/1016/970 269/1015/971 14/16/972 19/21/973
f 271/1017/974 20/22/966 41/44/965 270/1016/970
f 271/1017/974 270/1016/970 19/21/973 5/6/975
f 268/1014/968 13/15/967 21/23/976 272/1018/977
f 268/1014/968 272/1018/977 42/45/978 18/20/969
f 272/1018/977 21/23/976 4/5/979 273/1019/980
f 272/1018/977 273/1019/980 22/24/981 42/45/978
f 275/1023/982 42/45/978 22/24/981 274/1021/983
f 275/1023/982 274/1021/983 6/7/984 23/26/985
f 269/1015/971 18/20/969 42/45/978 275/1023/982
f 269/1015/971 275/1023/982 23/26/985 14/16/972
f 277/1025/986 7/9/987 24/27/988 276/1024/989
f 277/1025/986 276/1024/989 43/46/990 27/30/991
f 276/1024/989 24/27/988 15/17/992 278/1026/993
f 276/1024/989 278/1026/993 25/28/994 43/46/990
f 280/1028/995 43/46/990 25/28/994 279/1027/996
f 280/1028/995 279/1027/996 16/18/997 26/29/998
f 281/1029/999 27/30/991 43/46/990 280/1028/995
f 281/1029/999 280/1028/995 26/29/998 1/1/1000
f 278/1026/993 15/17/992 28/31/1001 282/1030/1002
f 278/1026/993 282/1030/1002 44/47/1003 25/28/994
f 282/1030/1002 28/31/1001 8/10/1004 283/1031/1005
f 282/1030/1002 283/1031/1005 29/32/1006 44/47/1003
f 285/1033/1007 44/47/1003 29/32/1006 284/1032/1008
f 285/1033/1007 284/1032/1008 2/2/1009 30/33/1010
f 279/1027/996 25/28/994 44/47/1003 285/1033/1007
f 279/1027/996 285/1033/1007 30/33/1010 16/18/997
f 287/1035/1011 10/12/1012 31/34/1013 286/1034/1014
f 287/1035/1011 286/1034/1014 45/48/1015 33/36/1016
f 286/1034/1014 31/34/1013 2/2/1009 284/1032/1008
f 286/1034/1014 284/1032/1008 29/32/1006 45/48/1015
f 288/1036/1017 45/48/1015 29/32/1006 283/1031/1005
f 288/1036/1017 283/1031/1005 8/10/1004 32/35/1018
f 289/1037/1019 33/36/1016 45/48/1015 288/1036/1017
f 289/1037/1019 288/1036/1017 32/35/1018 9/11/1020
f 35/38/1021 10/12/1012 287/1035/1011 290/1038/1022
f 287/1035/1011 33/36/1016 46/49/1023 290/1038/1022
f 46/49/1023 33/36/1016 289/1037/1019 291/1039/1024
f 289/1037/1019 9/11/1020 34/37/1025 291/1039/1024
f 46/49/1023 291/1039/1024 274/1022/983 22/25/981
f 291/1039/1024 34/37/1025 6/8/984 274/1022/983
f 4/4/979 35/38/1021 290/1038/1022 273/1020/980
f 290/1038/1022 46/49/1023 22/25/981 273/1020/980
f 293/1041/1026 12/14/1027 36/39/1028 292/1040/1029
f 293/1041/1026 292/1040/1029 47/50/1030 38/41/1031
f 292/1040/1029 36/39/1028 7/9/987 277/1025/986
f 292/1040/1029 277/1025/986 27/30/991 47/50/1030
f 294/1042/1032 47/50/1030 27/30/991 281/1029/999
f 294/1042/1032 281/1029/999 1/1/1000 37/40/1033
f 295/1043/1034 38/41/1031 47/50/1030 294/1042/1032
f 295/1043/1034 294/1042/1032 37/40/1033 11/13/1035
f 40/43/1036 12/14/1027 293/1041/1026 296/1044/1037
f 293/1041/1026 38/41/1031 48/51/1038 296/1044/1037
f 48/51/1038 38/41/1031 295/1043/1034 297/1045/1039
f 295/1043/1034 11/13/1035 39/42/1040 297/1045/1039
f 48/51/1038 297/1045/1039 267/1013/961 20/22/966
f 297/1045/1039 39/42/1040 3/3/962 267/1013/961
f 5/6/975 40/43/1036 296/1044/1037 271/1017/974
f 296/1044/1037 48/51/1038 20/22/966 271/1017/974
